label	url	license	creator	title	page
spaghetti	https://source.roboflow.com/OJPtv0zEXuagVZdJUQWbwHRvwMH3/010G5eh3SqutdghT7MAn/original.jpg	CC BY 4.0	SpaghettiDetect	3D printing flaws	https://universe.roboflow.com/spaghettidetect/3d-printing-flaws
spaghetti	https://source.roboflow.com/OJPtv0zEXuagVZdJUQWbwHRvwMH3/0286ugTosTHZsfbRWitk/original.jpg	CC BY 4.0	SpaghettiDetect	3D printing flaws	https://universe.roboflow.com/spaghettidetect/3d-printing-flaws
spaghetti	https://source.roboflow.com/OJPtv0zEXuagVZdJUQWbwHRvwMH3/02Io0PutJzQ7SC9X0KAB/original.jpg	CC BY 4.0	SpaghettiDetect	3D printing flaws	https://universe.roboflow.com/spaghettidetect/3d-printing-flaws
spaghetti	https://source.roboflow.com/OJPtv0zEXuagVZdJUQWbwHRvwMH3/032foghPfnnSe29GHeWA/original.jpg	CC BY 4.0	SpaghettiDetect	3D printing flaws	https://universe.roboflow.com/spaghettidetect/3d-printing-flaws
spaghetti	https://source.roboflow.com/OJPtv0zEXuagVZdJUQWbwHRvwMH3/0395VWotX44q9hYcALW1/original.jpg	CC BY 4.0	SpaghettiDetect	3D printing flaws	https://universe.roboflow.com/spaghettidetect/3d-printing-flaws
spaghetti	https://source.roboflow.com/OJPtv0zEXuagVZdJUQWbwHRvwMH3/03bWoTEreXQSKOGPOrsS/original.jpg	CC BY 4.0	SpaghettiDetect	3D printing flaws	https://universe.roboflow.com/spaghettidetect/3d-printing-flaws
spaghetti	https://source.roboflow.com/OJPtv0zEXuagVZdJUQWbwHRvwMH3/04Cr3CG3JH5vKQcVEv7a/original.jpg	CC BY 4.0	SpaghettiDetect	3D printing flaws	https://universe.roboflow.com/spaghettidetect/3d-printing-flaws
spaghetti	https://source.roboflow.com/OJPtv0zEXuagVZdJUQWbwHRvwMH3/04vYK3ajIn8SulAf5elV/original.jpg	CC BY 4.0	SpaghettiDetect	3D printing flaws	https://universe.roboflow.com/spaghettidetect/3d-printing-flaws
spaghetti	https://source.roboflow.com/OJPtv0zEXuagVZdJUQWbwHRvwMH3/057dXH70qypp3Kef7G1O/original.jpg	CC BY 4.0	SpaghettiDetect	3D printing flaws	https://universe.roboflow.com/spaghettidetect/3d-printing-flaws
spaghetti	https://source.roboflow.com/OJPtv0zEXuagVZdJUQWbwHRvwMH3/05EkcAhRAu0R7ovg8ZZn/original.jpg	CC BY 4.0	SpaghettiDetect	3D printing flaws	https://universe.roboflow.com/spaghettidetect/3d-printing-flaws
spaghetti	https://source.roboflow.com/OJPtv0zEXuagVZdJUQWbwHRvwMH3/06vH6gnvN5A8WOogykpC/original.jpg	CC BY 4.0	SpaghettiDetect	3D printing flaws	https://universe.roboflow.com/spaghettidetect/3d-printing-flaws
spaghetti	https://source.roboflow.com/OJPtv0zEXuagVZdJUQWbwHRvwMH3/072Ro8JyQnY6N2eYnFN7/original.jpg	CC BY 4.0	SpaghettiDetect	3D printing flaws	https://universe.roboflow.com/spaghettidetect/3d-printing-flaws
spaghetti	https://source.roboflow.com/OJPtv0zEXuagVZdJUQWbwHRvwMH3/07AFIUvRjSC0asivjZSa/original.jpg	CC BY 4.0	SpaghettiDetect	3D printing flaws	https://universe.roboflow.com/spaghettidetect/3d-printing-flaws
spaghetti	https://source.roboflow.com/OJPtv0zEXuagVZdJUQWbwHRvwMH3/082Jp4hqyrfX81NhY5Lj/original.jpg	CC BY 4.0	SpaghettiDetect	3D printing flaws	https://universe.roboflow.com/spaghettidetect/3d-printing-flaws
spaghetti	https://source.roboflow.com/OJPtv0zEXuagVZdJUQWbwHRvwMH3/09ODtcz7ud09EfmONL6m/original.jpg	CC BY 4.0	SpaghettiDetect	3D printing flaws	https://universe.roboflow.com/spaghettidetect/3d-printing-flaws
spaghetti	https://source.roboflow.com/OJPtv0zEXuagVZdJUQWbwHRvwMH3/09a497qMoMJ7b6qArbcV/original.jpg	CC BY 4.0	SpaghettiDetect	3D printing flaws	https://universe.roboflow.com/spaghettidetect/3d-printing-flaws
spaghetti	https://source.roboflow.com/OJPtv0zEXuagVZdJUQWbwHRvwMH3/09wDQ786REGbTdoJof4a/original.jpg	CC BY 4.0	SpaghettiDetect	3D printing flaws	https://universe.roboflow.com/spaghettidetect/3d-printing-flaws
spaghetti	https://source.roboflow.com/OJPtv0zEXuagVZdJUQWbwHRvwMH3/0A46JP9DAkXeJa6A1qNh/original.jpg	CC BY 4.0	SpaghettiDetect	3D printing flaws	https://universe.roboflow.com/spaghettidetect/3d-printing-flaws
spaghetti	https://source.roboflow.com/OJPtv0zEXuagVZdJUQWbwHRvwMH3/0AFIBCR8njl1i9bxALJL/original.jpg	CC BY 4.0	SpaghettiDetect	3D printing flaws	https://universe.roboflow.com/spaghettidetect/3d-printing-flaws
spaghetti	https://source.roboflow.com/OJPtv0zEXuagVZdJUQWbwHRvwMH3/0AhLOFLoUKd1SxFn0TZw/original.jpg	CC BY 4.0	SpaghettiDetect	3D printing flaws	https://universe.roboflow.com/spaghettidetect/3d-printing-flaws
spaghetti	https://source.roboflow.com/OJPtv0zEXuagVZdJUQWbwHRvwMH3/0Bly05I8Hd4G396A7wDJ/original.jpg	CC BY 4.0	SpaghettiDetect	3D printing flaws	https://universe.roboflow.com/spaghettidetect/3d-printing-flaws
spaghetti	https://source.roboflow.com/OJPtv0zEXuagVZdJUQWbwHRvwMH3/0EL48xq6lfTUxDOnZl6L/original.jpg	CC BY 4.0	SpaghettiDetect	3D printing flaws	https://universe.roboflow.com/spaghettidetect/3d-printing-flaws
spaghetti	https://source.roboflow.com/OJPtv0zEXuagVZdJUQWbwHRvwMH3/0EdGQSINelfvuFoUNwKJ/original.jpg	CC BY 4.0	SpaghettiDetect	3D printing flaws	https://universe.roboflow.com/spaghettidetect/3d-printing-flaws
spaghetti	https://source.roboflow.com/OJPtv0zEXuagVZdJUQWbwHRvwMH3/0F0COnPmLX90bU1iPbK2/original.jpg	CC BY 4.0	SpaghettiDetect	3D printing flaws	https://universe.roboflow.com/spaghettidetect/3d-printing-flaws
spaghetti	https://source.roboflow.com/OJPtv0zEXuagVZdJUQWbwHRvwMH3/0F9WoeUFFblzNl25bbWC/original.jpg	CC BY 4.0	SpaghettiDetect	3D printing flaws	https://universe.roboflow.com/spaghettidetect/3d-printing-flaws
spaghetti	https://source.roboflow.com/OJPtv0zEXuagVZdJUQWbwHRvwMH3/0H8WSMDrbhWbYHuSWNpo/original.jpg	CC BY 4.0	SpaghettiDetect	3D printing flaws	https://universe.roboflow.com/spaghettidetect/3d-printing-flaws
spaghetti	https://source.roboflow.com/OJPtv0zEXuagVZdJUQWbwHRvwMH3/0HUpbxqkwc5BbdvjvmnI/original.jpg	CC BY 4.0	SpaghettiDetect	3D printing flaws	https://universe.roboflow.com/spaghettidetect/3d-printing-flaws
spaghetti	https://source.roboflow.com/OJPtv0zEXuagVZdJUQWbwHRvwMH3/0I9lDQKvdd6qrXJiysMl/original.jpg	CC BY 4.0	SpaghettiDetect	3D printing flaws	https://universe.roboflow.com/spaghettidetect/3d-printing-flaws
spaghetti	https://source.roboflow.com/OJPtv0zEXuagVZdJUQWbwHRvwMH3/0IFyUUagNSwphKrcowYF/original.jpg	CC BY 4.0	SpaghettiDetect	3D printing flaws	https://universe.roboflow.com/spaghettidetect/3d-printing-flaws
spaghetti	https://source.roboflow.com/OJPtv0zEXuagVZdJUQWbwHRvwMH3/0In4Lb2fHGFJwIrzo2Yx/original.jpg	CC BY 4.0	SpaghettiDetect	3D printing flaws	https://universe.roboflow.com/spaghettidetect/3d-printing-flaws
spaghetti	https://source.roboflow.com/OJPtv0zEXuagVZdJUQWbwHRvwMH3/0JW2ESut3XYbiZSoYOmS/original.jpg	CC BY 4.0	SpaghettiDetect	3D printing flaws	https://universe.roboflow.com/spaghettidetect/3d-printing-flaws
spaghetti	https://source.roboflow.com/OJPtv0zEXuagVZdJUQWbwHRvwMH3/0Jf5fsSMPUfIb3KsTT1l/original.jpg	CC BY 4.0	SpaghettiDetect	3D printing flaws	https://universe.roboflow.com/spaghettidetect/3d-printing-flaws
spaghetti	https://source.roboflow.com/OJPtv0zEXuagVZdJUQWbwHRvwMH3/0JreUsB4o9OlR9jTwe8p/original.jpg	CC BY 4.0	SpaghettiDetect	3D printing flaws	https://universe.roboflow.com/spaghettidetect/3d-printing-flaws
spaghetti	https://source.roboflow.com/OJPtv0zEXuagVZdJUQWbwHRvwMH3/0JzgUNW0ArBEDCHU7h5L/original.jpg	CC BY 4.0	SpaghettiDetect	3D printing flaws	https://universe.roboflow.com/spaghettidetect/3d-printing-flaws
spaghetti	https://source.roboflow.com/OJPtv0zEXuagVZdJUQWbwHRvwMH3/0KDKj2p1Bsj7YLl6qxCc/original.jpg	CC BY 4.0	SpaghettiDetect	3D printing flaws	https://universe.roboflow.com/spaghettidetect/3d-printing-flaws
spaghetti	https://source.roboflow.com/OJPtv0zEXuagVZdJUQWbwHRvwMH3/0KQLbfwv3NmqUayeEWUo/original.jpg	CC BY 4.0	SpaghettiDetect	3D printing flaws	https://universe.roboflow.com/spaghettidetect/3d-printing-flaws
spaghetti	https://source.roboflow.com/OJPtv0zEXuagVZdJUQWbwHRvwMH3/0KpDaesN9DuIgTZqXpbs/original.jpg	CC BY 4.0	SpaghettiDetect	3D printing flaws	https://universe.roboflow.com/spaghettidetect/3d-printing-flaws
spaghetti	https://source.roboflow.com/OJPtv0zEXuagVZdJUQWbwHRvwMH3/0KrtCWZQR9Wu0nR3szzh/original.jpg	CC BY 4.0	SpaghettiDetect	3D printing flaws	https://universe.roboflow.com/spaghettidetect/3d-printing-flaws
spaghetti	https://source.roboflow.com/OJPtv0zEXuagVZdJUQWbwHRvwMH3/0L1rPkYFZmyqpyI7Zr5F/original.jpg	CC BY 4.0	SpaghettiDetect	3D printing flaws	https://universe.roboflow.com/spaghettidetect/3d-printing-flaws
spaghetti	https://source.roboflow.com/OJPtv0zEXuagVZdJUQWbwHRvwMH3/0LSFGt7wU24oMtCrGyUF/original.jpg	CC BY 4.0	SpaghettiDetect	3D printing flaws	https://universe.roboflow.com/spaghettidetect/3d-printing-flaws
spaghetti	https://source.roboflow.com/OJPtv0zEXuagVZdJUQWbwHRvwMH3/0MupnRqzyQAADXDbmiPo/original.jpg	CC BY 4.0	SpaghettiDetect	3D printing flaws	https://universe.roboflow.com/spaghettidetect/3d-printing-flaws
spaghetti	https://source.roboflow.com/OJPtv0zEXuagVZdJUQWbwHRvwMH3/0ObB5EC0vpAFbPIfr4ZU/original.jpg	CC BY 4.0	SpaghettiDetect	3D printing flaws	https://universe.roboflow.com/spaghettidetect/3d-printing-flaws
spaghetti	https://source.roboflow.com/OJPtv0zEXuagVZdJUQWbwHRvwMH3/0PhVBOeDgU2iBngn8xN4/original.jpg	CC BY 4.0	SpaghettiDetect	3D printing flaws	https://universe.roboflow.com/spaghettidetect/3d-printing-flaws
spaghetti	https://source.roboflow.com/OJPtv0zEXuagVZdJUQWbwHRvwMH3/0QPDxgYY0uahu3Tieq65/original.jpg	CC BY 4.0	SpaghettiDetect	3D printing flaws	https://universe.roboflow.com/spaghettidetect/3d-printing-flaws
spaghetti	https://source.roboflow.com/OJPtv0zEXuagVZdJUQWbwHRvwMH3/0SKB8kVY0NXjaBe6vsx6/original.jpg	CC BY 4.0	SpaghettiDetect	3D printing flaws	https://universe.roboflow.com/spaghettidetect/3d-printing-flaws
spaghetti	https://source.roboflow.com/OJPtv0zEXuagVZdJUQWbwHRvwMH3/0UBAesfEKmjasLydtKFn/original.jpg	CC BY 4.0	SpaghettiDetect	3D printing flaws	https://universe.roboflow.com/spaghettidetect/3d-printing-flaws
spaghetti	https://source.roboflow.com/OJPtv0zEXuagVZdJUQWbwHRvwMH3/0UlBFHV2AicNFpCr7dhZ/original.jpg	CC BY 4.0	SpaghettiDetect	3D printing flaws	https://universe.roboflow.com/spaghettidetect/3d-printing-flaws
spaghetti	https://source.roboflow.com/OJPtv0zEXuagVZdJUQWbwHRvwMH3/0V9AXfiKqmbJnD8CHp9u/original.jpg	CC BY 4.0	SpaghettiDetect	3D printing flaws	https://universe.roboflow.com/spaghettidetect/3d-printing-flaws
spaghetti	https://source.roboflow.com/OJPtv0zEXuagVZdJUQWbwHRvwMH3/0Vp8HgnfDa3hqV5LN7FS/original.jpg	CC BY 4.0	SpaghettiDetect	3D printing flaws	https://universe.roboflow.com/spaghettidetect/3d-printing-flaws
spaghetti	https://source.roboflow.com/OJPtv0zEXuagVZdJUQWbwHRvwMH3/0X8EO6zI5AofTIN8bgdj/original.jpg	CC BY 4.0	SpaghettiDetect	3D printing flaws	https://universe.roboflow.com/spaghettidetect/3d-printing-flaws
spaghetti	https://source.roboflow.com/OJPtv0zEXuagVZdJUQWbwHRvwMH3/0XdjU0X5IQgxe81u85qf/original.jpg	CC BY 4.0	SpaghettiDetect	3D printing flaws	https://universe.roboflow.com/spaghettidetect/3d-printing-flaws
spaghetti	https://source.roboflow.com/OJPtv0zEXuagVZdJUQWbwHRvwMH3/0YIlKP9rSzlvpBbtmRRj/original.jpg	CC BY 4.0	SpaghettiDetect	3D printing flaws	https://universe.roboflow.com/spaghettidetect/3d-printing-flaws
spaghetti	https://source.roboflow.com/OJPtv0zEXuagVZdJUQWbwHRvwMH3/0YtygyCQDQhtKbiecf4v/original.jpg	CC BY 4.0	SpaghettiDetect	3D printing flaws	https://universe.roboflow.com/spaghettidetect/3d-printing-flaws
spaghetti	https://source.roboflow.com/OJPtv0zEXuagVZdJUQWbwHRvwMH3/0aD7yBTLU7ay2CpWMaQg/original.jpg	CC BY 4.0	SpaghettiDetect	3D printing flaws	https://universe.roboflow.com/spaghettidetect/3d-printing-flaws
spaghetti	https://source.roboflow.com/OJPtv0zEXuagVZdJUQWbwHRvwMH3/0avzYWmNDVStoJvkSbDg/original.jpg	CC BY 4.0	SpaghettiDetect	3D printing flaws	https://universe.roboflow.com/spaghettidetect/3d-printing-flaws
spaghetti	https://source.roboflow.com/OJPtv0zEXuagVZdJUQWbwHRvwMH3/0bBEM4gBcI5jU7yNMTqY/original.jpg	CC BY 4.0	SpaghettiDetect	3D printing flaws	https://universe.roboflow.com/spaghettidetect/3d-printing-flaws
spaghetti	https://source.roboflow.com/OJPtv0zEXuagVZdJUQWbwHRvwMH3/0bVhM4Q4mtZca371cbIM/original.jpg	CC BY 4.0	SpaghettiDetect	3D printing flaws	https://universe.roboflow.com/spaghettidetect/3d-printing-flaws
spaghetti	https://source.roboflow.com/OJPtv0zEXuagVZdJUQWbwHRvwMH3/0bhnvvsiWsF2K3Y5GCzJ/original.jpg	CC BY 4.0	SpaghettiDetect	3D printing flaws	https://universe.roboflow.com/spaghettidetect/3d-printing-flaws
spaghetti	https://source.roboflow.com/OJPtv0zEXuagVZdJUQWbwHRvwMH3/0bngeahPsaotfLrShK9a/original.jpg	CC BY 4.0	SpaghettiDetect	3D printing flaws	https://universe.roboflow.com/spaghettidetect/3d-printing-flaws
spaghetti	https://source.roboflow.com/OJPtv0zEXuagVZdJUQWbwHRvwMH3/0cSqfBHsgt29WJH8IaUi/original.jpg	CC BY 4.0	SpaghettiDetect	3D printing flaws	https://universe.roboflow.com/spaghettidetect/3d-printing-flaws
spaghetti	https://source.roboflow.com/OJPtv0zEXuagVZdJUQWbwHRvwMH3/0cmROwhlQjNdWdfQ5wjC/original.jpg	CC BY 4.0	SpaghettiDetect	3D printing flaws	https://universe.roboflow.com/spaghettidetect/3d-printing-flaws
spaghetti	https://source.roboflow.com/OJPtv0zEXuagVZdJUQWbwHRvwMH3/0dAhbB4g2pQC3dpvURXn/original.jpg	CC BY 4.0	SpaghettiDetect	3D printing flaws	https://universe.roboflow.com/spaghettidetect/3d-printing-flaws
spaghetti	https://source.roboflow.com/OJPtv0zEXuagVZdJUQWbwHRvwMH3/0ebEf22DbnHRj9REyhaR/original.jpg	CC BY 4.0	SpaghettiDetect	3D printing flaws	https://universe.roboflow.com/spaghettidetect/3d-printing-flaws
spaghetti	https://source.roboflow.com/OJPtv0zEXuagVZdJUQWbwHRvwMH3/0f45AqCmcffq9ZqBA0Ub/original.jpg	CC BY 4.0	SpaghettiDetect	3D printing flaws	https://universe.roboflow.com/spaghettidetect/3d-printing-flaws
spaghetti	https://source.roboflow.com/OJPtv0zEXuagVZdJUQWbwHRvwMH3/0fKUOYJuR9LkB5rMnoBm/original.jpg	CC BY 4.0	SpaghettiDetect	3D printing flaws	https://universe.roboflow.com/spaghettidetect/3d-printing-flaws
spaghetti	https://source.roboflow.com/OJPtv0zEXuagVZdJUQWbwHRvwMH3/0fcmK5j1cvkYLaOLJUAO/original.jpg	CC BY 4.0	SpaghettiDetect	3D printing flaws	https://universe.roboflow.com/spaghettidetect/3d-printing-flaws
spaghetti	https://source.roboflow.com/OJPtv0zEXuagVZdJUQWbwHRvwMH3/0gXzI5w16MBevcady4ht/original.jpg	CC BY 4.0	SpaghettiDetect	3D printing flaws	https://universe.roboflow.com/spaghettidetect/3d-printing-flaws
spaghetti	https://source.roboflow.com/OJPtv0zEXuagVZdJUQWbwHRvwMH3/0gYi3Wa858ixCbq9zHTH/original.jpg	CC BY 4.0	SpaghettiDetect	3D printing flaws	https://universe.roboflow.com/spaghettidetect/3d-printing-flaws
spaghetti	https://source.roboflow.com/OJPtv0zEXuagVZdJUQWbwHRvwMH3/0hlbEwMmSduQKrX4dLas/original.jpg	CC BY 4.0	SpaghettiDetect	3D printing flaws	https://universe.roboflow.com/spaghettidetect/3d-printing-flaws
spaghetti	https://source.roboflow.com/OJPtv0zEXuagVZdJUQWbwHRvwMH3/0i1JTWxkWeDN4Hmw4WHE/original.jpg	CC BY 4.0	SpaghettiDetect	3D printing flaws	https://universe.roboflow.com/spaghettidetect/3d-printing-flaws
spaghetti	https://source.roboflow.com/OJPtv0zEXuagVZdJUQWbwHRvwMH3/0ijoxSJTU0VqkSldtNSJ/original.jpg	CC BY 4.0	SpaghettiDetect	3D printing flaws	https://universe.roboflow.com/spaghettidetect/3d-printing-flaws
spaghetti	https://source.roboflow.com/OJPtv0zEXuagVZdJUQWbwHRvwMH3/0it6UTeaoYYc6QAM8byZ/original.jpg	CC BY 4.0	SpaghettiDetect	3D printing flaws	https://universe.roboflow.com/spaghettidetect/3d-printing-flaws
spaghetti	https://source.roboflow.com/OJPtv0zEXuagVZdJUQWbwHRvwMH3/0jJ2lZdLVkhclaKrsz0e/original.jpg	CC BY 4.0	SpaghettiDetect	3D printing flaws	https://universe.roboflow.com/spaghettidetect/3d-printing-flaws
spaghetti	https://source.roboflow.com/OJPtv0zEXuagVZdJUQWbwHRvwMH3/0jNtkT0XUr7okBeZpmTg/original.jpg	CC BY 4.0	SpaghettiDetect	3D printing flaws	https://universe.roboflow.com/spaghettidetect/3d-printing-flaws
spaghetti	https://source.roboflow.com/OJPtv0zEXuagVZdJUQWbwHRvwMH3/0kPl5tllu4yJDGu0yi8Z/original.jpg	CC BY 4.0	SpaghettiDetect	3D printing flaws	https://universe.roboflow.com/spaghettidetect/3d-printing-flaws
spaghetti	https://source.roboflow.com/OJPtv0zEXuagVZdJUQWbwHRvwMH3/0kuUVMRugvrTRDL9Zd2O/original.jpg	CC BY 4.0	SpaghettiDetect	3D printing flaws	https://universe.roboflow.com/spaghettidetect/3d-printing-flaws
spaghetti	https://source.roboflow.com/OJPtv0zEXuagVZdJUQWbwHRvwMH3/0lJRUlKoF4kjq8cmLlMK/original.jpg	CC BY 4.0	SpaghettiDetect	3D printing flaws	https://universe.roboflow.com/spaghettidetect/3d-printing-flaws
spaghetti	https://source.roboflow.com/OJPtv0zEXuagVZdJUQWbwHRvwMH3/0lWNKcxf2SXOCd3xYSgK/original.jpg	CC BY 4.0	SpaghettiDetect	3D printing flaws	https://universe.roboflow.com/spaghettidetect/3d-printing-flaws
spaghetti	https://source.roboflow.com/OJPtv0zEXuagVZdJUQWbwHRvwMH3/0m5EW6oB4bps2NOZoZoK/original.jpg	CC BY 4.0	SpaghettiDetect	3D printing flaws	https://universe.roboflow.com/spaghettidetect/3d-printing-flaws
spaghetti	https://source.roboflow.com/OJPtv0zEXuagVZdJUQWbwHRvwMH3/0mJRTzg6n1gtokR5TzIK/original.jpg	CC BY 4.0	SpaghettiDetect	3D printing flaws	https://universe.roboflow.com/spaghettidetect/3d-printing-flaws
spaghetti	https://source.roboflow.com/OJPtv0zEXuagVZdJUQWbwHRvwMH3/0nbeRK2fPgAy4XkbCtKH/original.jpg	CC BY 4.0	SpaghettiDetect	3D printing flaws	https://universe.roboflow.com/spaghettidetect/3d-printing-flaws
spaghetti	https://source.roboflow.com/OJPtv0zEXuagVZdJUQWbwHRvwMH3/0oidwmJd83bHd3mteFYi/original.jpg	CC BY 4.0	SpaghettiDetect	3D printing flaws	https://universe.roboflow.com/spaghettidetect/3d-printing-flaws
spaghetti	https://source.roboflow.com/OJPtv0zEXuagVZdJUQWbwHRvwMH3/0oyk2oEaTDymoGoo0FTK/original.jpg	CC BY 4.0	SpaghettiDetect	3D printing flaws	https://universe.roboflow.com/spaghettidetect/3d-printing-flaws
spaghetti	https://source.roboflow.com/OJPtv0zEXuagVZdJUQWbwHRvwMH3/0pJPKKPUTKNxVrV32DB1/original.jpg	CC BY 4.0	SpaghettiDetect	3D printing flaws	https://universe.roboflow.com/spaghettidetect/3d-printing-flaws
spaghetti	https://source.roboflow.com/OJPtv0zEXuagVZdJUQWbwHRvwMH3/0pl9udUqX7ZKz5GFmhRr/original.jpg	CC BY 4.0	SpaghettiDetect	3D printing flaws	https://universe.roboflow.com/spaghettidetect/3d-printing-flaws
spaghetti	https://source.roboflow.com/OJPtv0zEXuagVZdJUQWbwHRvwMH3/0q1Sk6PnJTmNerINvd1t/original.jpg	CC BY 4.0	SpaghettiDetect	3D printing flaws	https://universe.roboflow.com/spaghettidetect/3d-printing-flaws
spaghetti	https://source.roboflow.com/OJPtv0zEXuagVZdJUQWbwHRvwMH3/0rG8nBHQnifZ7p1jwmRA/original.jpg	CC BY 4.0	SpaghettiDetect	3D printing flaws	https://universe.roboflow.com/spaghettidetect/3d-printing-flaws
spaghetti	https://source.roboflow.com/OJPtv0zEXuagVZdJUQWbwHRvwMH3/0rODbIbJuKYfZ70zsa2F/original.jpg	CC BY 4.0	SpaghettiDetect	3D printing flaws	https://universe.roboflow.com/spaghettidetect/3d-printing-flaws
spaghetti	https://source.roboflow.com/OJPtv0zEXuagVZdJUQWbwHRvwMH3/0rQGrtMd7viyfhxTqT0n/original.jpg	CC BY 4.0	SpaghettiDetect	3D printing flaws	https://universe.roboflow.com/spaghettidetect/3d-printing-flaws
spaghetti	https://source.roboflow.com/OJPtv0zEXuagVZdJUQWbwHRvwMH3/0stlajV6eOksVu2Epu5P/original.jpg	CC BY 4.0	SpaghettiDetect	3D printing flaws	https://universe.roboflow.com/spaghettidetect/3d-printing-flaws
spaghetti	https://source.roboflow.com/SKQ9kgqvaKOCFYDQSa1HvfibZhd2/033cJ9CGUAiykU7dj4je/original.jpg	CC BY 4.0	3D Printer Failure	All_Anomalies	https://universe.roboflow.com/3d-printer-failure/all_anomalies-rfe61
spaghetti	https://source.roboflow.com/SKQ9kgqvaKOCFYDQSa1HvfibZhd2/04zJks6EuLkVMfn4HRUb/original.jpg	CC BY 4.0	3D Printer Failure	All_Anomalies	https://universe.roboflow.com/3d-printer-failure/all_anomalies-rfe61
spaghetti	https://source.roboflow.com/SKQ9kgqvaKOCFYDQSa1HvfibZhd2/07ynJ727TIWUe2fDo7Ln/original.jpg	CC BY 4.0	3D Printer Failure	All_Anomalies	https://universe.roboflow.com/3d-printer-failure/all_anomalies-rfe61
spaghetti	https://source.roboflow.com/SKQ9kgqvaKOCFYDQSa1HvfibZhd2/0APlCX5cLiBSvyoYJ8cF/original.jpg	CC BY 4.0	3D Printer Failure	All_Anomalies	https://universe.roboflow.com/3d-printer-failure/all_anomalies-rfe61
spaghetti	https://source.roboflow.com/SKQ9kgqvaKOCFYDQSa1HvfibZhd2/0GtejC6zrj2MaZNRHruV/original.jpg	CC BY 4.0	3D Printer Failure	All_Anomalies	https://universe.roboflow.com/3d-printer-failure/all_anomalies-rfe61
spaghetti	https://source.roboflow.com/SKQ9kgqvaKOCFYDQSa1HvfibZhd2/0H7ng0RI2pbpAM0Z24hs/original.jpg	CC BY 4.0	3D Printer Failure	All_Anomalies	https://universe.roboflow.com/3d-printer-failure/all_anomalies-rfe61
spaghetti	https://source.roboflow.com/SKQ9kgqvaKOCFYDQSa1HvfibZhd2/0NyCDG28nmHDWEmu1nu5/original.jpg	CC BY 4.0	3D Printer Failure	All_Anomalies	https://universe.roboflow.com/3d-printer-failure/all_anomalies-rfe61
spaghetti	https://source.roboflow.com/SKQ9kgqvaKOCFYDQSa1HvfibZhd2/0O75f303hVE0HFiBWDBq/original.jpg	CC BY 4.0	3D Printer Failure	All_Anomalies	https://universe.roboflow.com/3d-printer-failure/all_anomalies-rfe61
spaghetti	https://source.roboflow.com/SKQ9kgqvaKOCFYDQSa1HvfibZhd2/0QHYSsBSwZZiNZC7fC0E/original.jpg	CC BY 4.0	3D Printer Failure	All_Anomalies	https://universe.roboflow.com/3d-printer-failure/all_anomalies-rfe61
spaghetti	https://source.roboflow.com/SKQ9kgqvaKOCFYDQSa1HvfibZhd2/0ULp6wY5wMaInxM2sukG/original.jpg	CC BY 4.0	3D Printer Failure	All_Anomalies	https://universe.roboflow.com/3d-printer-failure/all_anomalies-rfe61
spaghetti	https://source.roboflow.com/SKQ9kgqvaKOCFYDQSa1HvfibZhd2/0Y5npctV8a2Oja6M79qE/original.jpg	CC BY 4.0	3D Printer Failure	All_Anomalies	https://universe.roboflow.com/3d-printer-failure/all_anomalies-rfe61
spaghetti	https://source.roboflow.com/SKQ9kgqvaKOCFYDQSa1HvfibZhd2/0ZFeRg4zFgiT2ziXUk6m/original.jpg	CC BY 4.0	3D Printer Failure	All_Anomalies	https://universe.roboflow.com/3d-printer-failure/all_anomalies-rfe61
spaghetti	https://source.roboflow.com/SKQ9kgqvaKOCFYDQSa1HvfibZhd2/0d0lXgS05N76258RzvKx/original.jpg	CC BY 4.0	3D Printer Failure	All_Anomalies	https://universe.roboflow.com/3d-printer-failure/all_anomalies-rfe61
spaghetti	https://source.roboflow.com/SKQ9kgqvaKOCFYDQSa1HvfibZhd2/0hZVRcoyDPdRkRIKkGbq/original.jpg	CC BY 4.0	3D Printer Failure	All_Anomalies	https://universe.roboflow.com/3d-printer-failure/all_anomalies-rfe61
spaghetti	https://source.roboflow.com/SKQ9kgqvaKOCFYDQSa1HvfibZhd2/0kEuWBZQG8JES4mFVWPB/original.jpg	CC BY 4.0	3D Printer Failure	All_Anomalies	https://universe.roboflow.com/3d-printer-failure/all_anomalies-rfe61
spaghetti	https://source.roboflow.com/SKQ9kgqvaKOCFYDQSa1HvfibZhd2/0lsHDQWEefmGKvas5pNy/original.jpg	CC BY 4.0	3D Printer Failure	All_Anomalies	https://universe.roboflow.com/3d-printer-failure/all_anomalies-rfe61
spaghetti	https://source.roboflow.com/SKQ9kgqvaKOCFYDQSa1HvfibZhd2/0m9ZLIlXpC58UHiA9Osh/original.jpg	CC BY 4.0	3D Printer Failure	All_Anomalies	https://universe.roboflow.com/3d-printer-failure/all_anomalies-rfe61
spaghetti	https://source.roboflow.com/SKQ9kgqvaKOCFYDQSa1HvfibZhd2/0nlprZRlL1IQbsHYVBIe/original.jpg	CC BY 4.0	3D Printer Failure	All_Anomalies	https://universe.roboflow.com/3d-printer-failure/all_anomalies-rfe61
spaghetti	https://source.roboflow.com/SKQ9kgqvaKOCFYDQSa1HvfibZhd2/0p4kpqqcGvV10AMDOwin/original.jpg	CC BY 4.0	3D Printer Failure	All_Anomalies	https://universe.roboflow.com/3d-printer-failure/all_anomalies-rfe61
spaghetti	https://source.roboflow.com/SKQ9kgqvaKOCFYDQSa1HvfibZhd2/0qRAmhm00Mimtm08m1PN/original.jpg	CC BY 4.0	3D Printer Failure	All_Anomalies	https://universe.roboflow.com/3d-printer-failure/all_anomalies-rfe61
spaghetti	https://source.roboflow.com/SKQ9kgqvaKOCFYDQSa1HvfibZhd2/0yiwPvX44Txr0UOBt4Y0/original.jpg	CC BY 4.0	3D Printer Failure	All_Anomalies	https://universe.roboflow.com/3d-printer-failure/all_anomalies-rfe61
spaghetti	https://source.roboflow.com/SKQ9kgqvaKOCFYDQSa1HvfibZhd2/12CVMxiedZryplaIuX54/original.jpg	CC BY 4.0	3D Printer Failure	All_Anomalies	https://universe.roboflow.com/3d-printer-failure/all_anomalies-rfe61
spaghetti	https://source.roboflow.com/SKQ9kgqvaKOCFYDQSa1HvfibZhd2/1Bw0JgZ2zWBmqRVqIbty/original.jpg	CC BY 4.0	3D Printer Failure	All_Anomalies	https://universe.roboflow.com/3d-printer-failure/all_anomalies-rfe61
spaghetti	https://source.roboflow.com/SKQ9kgqvaKOCFYDQSa1HvfibZhd2/1CPUV5R2qtm3gvbPnc39/original.jpg	CC BY 4.0	3D Printer Failure	All_Anomalies	https://universe.roboflow.com/3d-printer-failure/all_anomalies-rfe61
spaghetti	https://source.roboflow.com/SKQ9kgqvaKOCFYDQSa1HvfibZhd2/1Gw74GqHwPSDElpGFsMe/original.jpg	CC BY 4.0	3D Printer Failure	All_Anomalies	https://universe.roboflow.com/3d-printer-failure/all_anomalies-rfe61
spaghetti	https://source.roboflow.com/SKQ9kgqvaKOCFYDQSa1HvfibZhd2/1H6avZzxR0nn27wJvXA1/original.jpg	CC BY 4.0	3D Printer Failure	All_Anomalies	https://universe.roboflow.com/3d-printer-failure/all_anomalies-rfe61
spaghetti	https://source.roboflow.com/SKQ9kgqvaKOCFYDQSa1HvfibZhd2/1IO2BzKslZG4rnsNL3pW/original.jpg	CC BY 4.0	3D Printer Failure	All_Anomalies	https://universe.roboflow.com/3d-printer-failure/all_anomalies-rfe61
spaghetti	https://source.roboflow.com/SKQ9kgqvaKOCFYDQSa1HvfibZhd2/1KacQjlSywqYHj3FOupN/original.jpg	CC BY 4.0	3D Printer Failure	All_Anomalies	https://universe.roboflow.com/3d-printer-failure/all_anomalies-rfe61
spaghetti	https://source.roboflow.com/SKQ9kgqvaKOCFYDQSa1HvfibZhd2/1N4FdmoxmIQxBJJ0hUTz/original.jpg	CC BY 4.0	3D Printer Failure	All_Anomalies	https://universe.roboflow.com/3d-printer-failure/all_anomalies-rfe61
spaghetti	https://source.roboflow.com/SKQ9kgqvaKOCFYDQSa1HvfibZhd2/1Qqs9ag4J2W8cxUkP6WO/original.jpg	CC BY 4.0	3D Printer Failure	All_Anomalies	https://universe.roboflow.com/3d-printer-failure/all_anomalies-rfe61
spaghetti	https://source.roboflow.com/SKQ9kgqvaKOCFYDQSa1HvfibZhd2/1SndKT878R1wLLrUD44l/original.jpg	CC BY 4.0	3D Printer Failure	All_Anomalies	https://universe.roboflow.com/3d-printer-failure/all_anomalies-rfe61
spaghetti	https://source.roboflow.com/SKQ9kgqvaKOCFYDQSa1HvfibZhd2/1X85jZ0TRYPhDlfjiIf2/original.jpg	CC BY 4.0	3D Printer Failure	All_Anomalies	https://universe.roboflow.com/3d-printer-failure/all_anomalies-rfe61
spaghetti	https://source.roboflow.com/SKQ9kgqvaKOCFYDQSa1HvfibZhd2/1ZIRuuuCyv13961tRj7c/original.jpg	CC BY 4.0	3D Printer Failure	All_Anomalies	https://universe.roboflow.com/3d-printer-failure/all_anomalies-rfe61
spaghetti	https://source.roboflow.com/SKQ9kgqvaKOCFYDQSa1HvfibZhd2/1cUlZGilQSxEc0mgd9tP/original.jpg	CC BY 4.0	3D Printer Failure	All_Anomalies	https://universe.roboflow.com/3d-printer-failure/all_anomalies-rfe61
spaghetti	https://source.roboflow.com/SKQ9kgqvaKOCFYDQSa1HvfibZhd2/1qrtoVghuFUSRBvPnjU6/original.jpg	CC BY 4.0	3D Printer Failure	All_Anomalies	https://universe.roboflow.com/3d-printer-failure/all_anomalies-rfe61
spaghetti	https://source.roboflow.com/SKQ9kgqvaKOCFYDQSa1HvfibZhd2/1rsck9leHIrYfX2MNGbM/original.jpg	CC BY 4.0	3D Printer Failure	All_Anomalies	https://universe.roboflow.com/3d-printer-failure/all_anomalies-rfe61
spaghetti	https://source.roboflow.com/SKQ9kgqvaKOCFYDQSa1HvfibZhd2/1s0KwOQjqLLbrjIX6Hl7/original.jpg	CC BY 4.0	3D Printer Failure	All_Anomalies	https://universe.roboflow.com/3d-printer-failure/all_anomalies-rfe61
spaghetti	https://source.roboflow.com/SKQ9kgqvaKOCFYDQSa1HvfibZhd2/1zQklCla317uLj1k9RHH/original.jpg	CC BY 4.0	3D Printer Failure	All_Anomalies	https://universe.roboflow.com/3d-printer-failure/all_anomalies-rfe61
spaghetti	https://source.roboflow.com/SKQ9kgqvaKOCFYDQSa1HvfibZhd2/216nAgLGll3mlhJLJdGC/original.jpg	CC BY 4.0	3D Printer Failure	All_Anomalies	https://universe.roboflow.com/3d-printer-failure/all_anomalies-rfe61
spaghetti	https://source.roboflow.com/SKQ9kgqvaKOCFYDQSa1HvfibZhd2/22xoqTX3O7Nr6zDD0ug5/original.jpg	CC BY 4.0	3D Printer Failure	All_Anomalies	https://universe.roboflow.com/3d-printer-failure/all_anomalies-rfe61
spaghetti	https://source.roboflow.com/SKQ9kgqvaKOCFYDQSa1HvfibZhd2/2BMnU9JsWvuUDUWelafs/original.jpg	CC BY 4.0	3D Printer Failure	All_Anomalies	https://universe.roboflow.com/3d-printer-failure/all_anomalies-rfe61
spaghetti	https://source.roboflow.com/SKQ9kgqvaKOCFYDQSa1HvfibZhd2/2CVHOkrosNWE98wAK2mw/original.jpg	CC BY 4.0	3D Printer Failure	All_Anomalies	https://universe.roboflow.com/3d-printer-failure/all_anomalies-rfe61
spaghetti	https://source.roboflow.com/SKQ9kgqvaKOCFYDQSa1HvfibZhd2/2VM8tzWCZBSxUkm8nRgy/original.jpg	CC BY 4.0	3D Printer Failure	All_Anomalies	https://universe.roboflow.com/3d-printer-failure/all_anomalies-rfe61
spaghetti	https://source.roboflow.com/SKQ9kgqvaKOCFYDQSa1HvfibZhd2/2WOdBxqLhzvGh9glkzzk/original.jpg	CC BY 4.0	3D Printer Failure	All_Anomalies	https://universe.roboflow.com/3d-printer-failure/all_anomalies-rfe61
spaghetti	https://source.roboflow.com/SKQ9kgqvaKOCFYDQSa1HvfibZhd2/2awY46nUBJDBv4Zg0yBJ/original.jpg	CC BY 4.0	3D Printer Failure	All_Anomalies	https://universe.roboflow.com/3d-printer-failure/all_anomalies-rfe61
spaghetti	https://source.roboflow.com/SKQ9kgqvaKOCFYDQSa1HvfibZhd2/2g7xz4MbuSTnkpGYTcFr/original.jpg	CC BY 4.0	3D Printer Failure	All_Anomalies	https://universe.roboflow.com/3d-printer-failure/all_anomalies-rfe61
spaghetti	https://source.roboflow.com/SKQ9kgqvaKOCFYDQSa1HvfibZhd2/2hAf62p5rO4PMeeRp2ZL/original.jpg	CC BY 4.0	3D Printer Failure	All_Anomalies	https://universe.roboflow.com/3d-printer-failure/all_anomalies-rfe61
spaghetti	https://source.roboflow.com/SKQ9kgqvaKOCFYDQSa1HvfibZhd2/2vJ2FV4Q4wvoigueZlRg/original.jpg	CC BY 4.0	3D Printer Failure	All_Anomalies	https://universe.roboflow.com/3d-printer-failure/all_anomalies-rfe61
spaghetti	https://source.roboflow.com/SKQ9kgqvaKOCFYDQSa1HvfibZhd2/30gq5XnG4JmXyoxNvu7z/original.jpg	CC BY 4.0	3D Printer Failure	All_Anomalies	https://universe.roboflow.com/3d-printer-failure/all_anomalies-rfe61
spaghetti	https://source.roboflow.com/SKQ9kgqvaKOCFYDQSa1HvfibZhd2/39hM5DvoMhVlAMgXM57J/original.jpg	CC BY 4.0	3D Printer Failure	All_Anomalies	https://universe.roboflow.com/3d-printer-failure/all_anomalies-rfe61
spaghetti	https://source.roboflow.com/SKQ9kgqvaKOCFYDQSa1HvfibZhd2/3D4nTeQ2bQZOMz8bBz1y/original.jpg	CC BY 4.0	3D Printer Failure	All_Anomalies	https://universe.roboflow.com/3d-printer-failure/all_anomalies-rfe61
spaghetti	https://source.roboflow.com/SKQ9kgqvaKOCFYDQSa1HvfibZhd2/3FMTc0DBALiiI61qc26A/original.jpg	CC BY 4.0	3D Printer Failure	All_Anomalies	https://universe.roboflow.com/3d-printer-failure/all_anomalies-rfe61
spaghetti	https://source.roboflow.com/SKQ9kgqvaKOCFYDQSa1HvfibZhd2/3G0iYPc4A4yw5hWreetj/original.jpg	CC BY 4.0	3D Printer Failure	All_Anomalies	https://universe.roboflow.com/3d-printer-failure/all_anomalies-rfe61
spaghetti	https://source.roboflow.com/SKQ9kgqvaKOCFYDQSa1HvfibZhd2/3GzJn1uS1I8yBRxCo65b/original.jpg	CC BY 4.0	3D Printer Failure	All_Anomalies	https://universe.roboflow.com/3d-printer-failure/all_anomalies-rfe61
spaghetti	https://source.roboflow.com/SKQ9kgqvaKOCFYDQSa1HvfibZhd2/3JCTxygR3Wiek7v9kPHy/original.jpg	CC BY 4.0	3D Printer Failure	All_Anomalies	https://universe.roboflow.com/3d-printer-failure/all_anomalies-rfe61
spaghetti	https://source.roboflow.com/SKQ9kgqvaKOCFYDQSa1HvfibZhd2/3S2Ls8PlRyrXVjPIHNP1/original.jpg	CC BY 4.0	3D Printer Failure	All_Anomalies	https://universe.roboflow.com/3d-printer-failure/all_anomalies-rfe61
spaghetti	https://source.roboflow.com/SKQ9kgqvaKOCFYDQSa1HvfibZhd2/3Ws0d30Zd8VVanE3t4Dq/original.jpg	CC BY 4.0	3D Printer Failure	All_Anomalies	https://universe.roboflow.com/3d-printer-failure/all_anomalies-rfe61
spaghetti	https://source.roboflow.com/SKQ9kgqvaKOCFYDQSa1HvfibZhd2/3XT89Cmt8JWEDkiIENdA/original.jpg	CC BY 4.0	3D Printer Failure	All_Anomalies	https://universe.roboflow.com/3d-printer-failure/all_anomalies-rfe61
spaghetti	https://source.roboflow.com/SKQ9kgqvaKOCFYDQSa1HvfibZhd2/3futSHH4vRcNg8Y3HyXB/original.jpg	CC BY 4.0	3D Printer Failure	All_Anomalies	https://universe.roboflow.com/3d-printer-failure/all_anomalies-rfe61
spaghetti	https://source.roboflow.com/SKQ9kgqvaKOCFYDQSa1HvfibZhd2/3i3XYi2qBFLLzBvuxs4y/original.jpg	CC BY 4.0	3D Printer Failure	All_Anomalies	https://universe.roboflow.com/3d-printer-failure/all_anomalies-rfe61
spaghetti	https://source.roboflow.com/SKQ9kgqvaKOCFYDQSa1HvfibZhd2/3kNsqSjbJkvCSKqiGIli/original.jpg	CC BY 4.0	3D Printer Failure	All_Anomalies	https://universe.roboflow.com/3d-printer-failure/all_anomalies-rfe61
spaghetti	https://source.roboflow.com/SKQ9kgqvaKOCFYDQSa1HvfibZhd2/3knPFJKA5JRxu2uWyHaf/original.jpg	CC BY 4.0	3D Printer Failure	All_Anomalies	https://universe.roboflow.com/3d-printer-failure/all_anomalies-rfe61
spaghetti	https://source.roboflow.com/SKQ9kgqvaKOCFYDQSa1HvfibZhd2/3sCEqm2ewEE4hXm87piz/original.jpg	CC BY 4.0	3D Printer Failure	All_Anomalies	https://universe.roboflow.com/3d-printer-failure/all_anomalies-rfe61
spaghetti	https://source.roboflow.com/SKQ9kgqvaKOCFYDQSa1HvfibZhd2/3tw5v8LApEt7kUj3LJBK/original.jpg	CC BY 4.0	3D Printer Failure	All_Anomalies	https://universe.roboflow.com/3d-printer-failure/all_anomalies-rfe61
spaghetti	https://source.roboflow.com/SKQ9kgqvaKOCFYDQSa1HvfibZhd2/3tyRFC0pDwGAUpfb17vL/original.jpg	CC BY 4.0	3D Printer Failure	All_Anomalies	https://universe.roboflow.com/3d-printer-failure/all_anomalies-rfe61
spaghetti	https://source.roboflow.com/SKQ9kgqvaKOCFYDQSa1HvfibZhd2/42TgL8Lgz3mh7b5fiWAB/original.jpg	CC BY 4.0	3D Printer Failure	All_Anomalies	https://universe.roboflow.com/3d-printer-failure/all_anomalies-rfe61
spaghetti	https://source.roboflow.com/SKQ9kgqvaKOCFYDQSa1HvfibZhd2/46kJgG89qBRXG8MZRnb5/original.jpg	CC BY 4.0	3D Printer Failure	All_Anomalies	https://universe.roboflow.com/3d-printer-failure/all_anomalies-rfe61
spaghetti	https://source.roboflow.com/SKQ9kgqvaKOCFYDQSa1HvfibZhd2/4MJ0YYaxWD7DqtTpoi3o/original.jpg	CC BY 4.0	3D Printer Failure	All_Anomalies	https://universe.roboflow.com/3d-printer-failure/all_anomalies-rfe61
spaghetti	https://source.roboflow.com/SKQ9kgqvaKOCFYDQSa1HvfibZhd2/4NCTMErCqXCFQotU4EdV/original.jpg	CC BY 4.0	3D Printer Failure	All_Anomalies	https://universe.roboflow.com/3d-printer-failure/all_anomalies-rfe61
spaghetti	https://source.roboflow.com/SKQ9kgqvaKOCFYDQSa1HvfibZhd2/4OLZiL7Fi6s1aRCshom1/original.jpg	CC BY 4.0	3D Printer Failure	All_Anomalies	https://universe.roboflow.com/3d-printer-failure/all_anomalies-rfe61
spaghetti	https://source.roboflow.com/SKQ9kgqvaKOCFYDQSa1HvfibZhd2/4UfvzTVWVIZmUA7oT4RN/original.jpg	CC BY 4.0	3D Printer Failure	All_Anomalies	https://universe.roboflow.com/3d-printer-failure/all_anomalies-rfe61
spaghetti	https://source.roboflow.com/SKQ9kgqvaKOCFYDQSa1HvfibZhd2/4b3EQq8Hp1Kl0cAXDjKg/original.jpg	CC BY 4.0	3D Printer Failure	All_Anomalies	https://universe.roboflow.com/3d-printer-failure/all_anomalies-rfe61
spaghetti	https://source.roboflow.com/SKQ9kgqvaKOCFYDQSa1HvfibZhd2/4bEkF86t8e8zmpcZNlbh/original.jpg	CC BY 4.0	3D Printer Failure	All_Anomalies	https://universe.roboflow.com/3d-printer-failure/all_anomalies-rfe61
spaghetti	https://source.roboflow.com/SKQ9kgqvaKOCFYDQSa1HvfibZhd2/4ipqbEWGgmMkiRcbcgSQ/original.jpg	CC BY 4.0	3D Printer Failure	All_Anomalies	https://universe.roboflow.com/3d-printer-failure/all_anomalies-rfe61
spaghetti	https://source.roboflow.com/SKQ9kgqvaKOCFYDQSa1HvfibZhd2/4mJdf46VzPFd2tbAAEV1/original.jpg	CC BY 4.0	3D Printer Failure	All_Anomalies	https://universe.roboflow.com/3d-printer-failure/all_anomalies-rfe61
spaghetti	https://source.roboflow.com/SKQ9kgqvaKOCFYDQSa1HvfibZhd2/4ox84idszmeCkbU2slj4/original.jpg	CC BY 4.0	3D Printer Failure	All_Anomalies	https://universe.roboflow.com/3d-printer-failure/all_anomalies-rfe61
spaghetti	https://source.roboflow.com/SKQ9kgqvaKOCFYDQSa1HvfibZhd2/4v5BXTcQs6e6sk6vOyFV/original.jpg	CC BY 4.0	3D Printer Failure	All_Anomalies	https://universe.roboflow.com/3d-printer-failure/all_anomalies-rfe61
spaghetti	https://source.roboflow.com/SKQ9kgqvaKOCFYDQSa1HvfibZhd2/4x2FZKNZefRgVQAnplIO/original.jpg	CC BY 4.0	3D Printer Failure	All_Anomalies	https://universe.roboflow.com/3d-printer-failure/all_anomalies-rfe61
spaghetti	https://source.roboflow.com/SKQ9kgqvaKOCFYDQSa1HvfibZhd2/4xTBQR7SeZxcxFciBUnj/original.jpg	CC BY 4.0	3D Printer Failure	All_Anomalies	https://universe.roboflow.com/3d-printer-failure/all_anomalies-rfe61
spaghetti	https://source.roboflow.com/SKQ9kgqvaKOCFYDQSa1HvfibZhd2/4z3YMKINrSFkAzt1c2G3/original.jpg	CC BY 4.0	3D Printer Failure	All_Anomalies	https://universe.roboflow.com/3d-printer-failure/all_anomalies-rfe61
spaghetti	https://source.roboflow.com/SKQ9kgqvaKOCFYDQSa1HvfibZhd2/4zCXuhNsr4iyNpIssL4j/original.jpg	CC BY 4.0	3D Printer Failure	All_Anomalies	https://universe.roboflow.com/3d-printer-failure/all_anomalies-rfe61
spaghetti	https://source.roboflow.com/SKQ9kgqvaKOCFYDQSa1HvfibZhd2/50bB8eCIEdVGCQCZCLJ8/original.jpg	CC BY 4.0	3D Printer Failure	All_Anomalies	https://universe.roboflow.com/3d-printer-failure/all_anomalies-rfe61
spaghetti	https://source.roboflow.com/SKQ9kgqvaKOCFYDQSa1HvfibZhd2/56R4C8chJTdOufnm0Af3/original.jpg	CC BY 4.0	3D Printer Failure	All_Anomalies	https://universe.roboflow.com/3d-printer-failure/all_anomalies-rfe61
spaghetti	https://source.roboflow.com/SKQ9kgqvaKOCFYDQSa1HvfibZhd2/57B5LN9z6xVPuPlCARNo/original.jpg	CC BY 4.0	3D Printer Failure	All_Anomalies	https://universe.roboflow.com/3d-printer-failure/all_anomalies-rfe61
spaghetti	https://source.roboflow.com/SKQ9kgqvaKOCFYDQSa1HvfibZhd2/5AMmFhFFSysZplNkD2DS/original.jpg	CC BY 4.0	3D Printer Failure	All_Anomalies	https://universe.roboflow.com/3d-printer-failure/all_anomalies-rfe61
spaghetti	https://source.roboflow.com/SKQ9kgqvaKOCFYDQSa1HvfibZhd2/5DhbvG67ScshhB4WuAtM/original.jpg	CC BY 4.0	3D Printer Failure	All_Anomalies	https://universe.roboflow.com/3d-printer-failure/all_anomalies-rfe61
spaghetti	https://source.roboflow.com/SKQ9kgqvaKOCFYDQSa1HvfibZhd2/5E3DwEiW9T2ibxDvcHN6/original.jpg	CC BY 4.0	3D Printer Failure	All_Anomalies	https://universe.roboflow.com/3d-printer-failure/all_anomalies-rfe61
spaghetti	https://source.roboflow.com/SKQ9kgqvaKOCFYDQSa1HvfibZhd2/5F2e9mG0nRgv5QnueIVj/original.jpg	CC BY 4.0	3D Printer Failure	All_Anomalies	https://universe.roboflow.com/3d-printer-failure/all_anomalies-rfe61
spaghetti	https://source.roboflow.com/SKQ9kgqvaKOCFYDQSa1HvfibZhd2/5GjSz7LGEPq0Pn5iMVNZ/original.jpg	CC BY 4.0	3D Printer Failure	All_Anomalies	https://universe.roboflow.com/3d-printer-failure/all_anomalies-rfe61
spaghetti	https://source.roboflow.com/SKQ9kgqvaKOCFYDQSa1HvfibZhd2/5I4cQBZwIk2siJAlFBrD/original.jpg	CC BY 4.0	3D Printer Failure	All_Anomalies	https://universe.roboflow.com/3d-printer-failure/all_anomalies-rfe61
spaghetti	https://source.roboflow.com/BosfbljyipdiVzNOTBNmyifVsw62/00BDgqvlhieVdODHJzq2/original.jpg	CC BY 4.0	3D Printing Failure	3D printing failure	https://universe.roboflow.com/3d-printing-failure/3d-printing-failure
spaghetti	https://source.roboflow.com/BosfbljyipdiVzNOTBNmyifVsw62/00Y5FTgohN6Xv34QMoP9/original.jpg	CC BY 4.0	3D Printing Failure	3D printing failure	https://universe.roboflow.com/3d-printing-failure/3d-printing-failure
spaghetti	https://source.roboflow.com/BosfbljyipdiVzNOTBNmyifVsw62/00rGnjzYFDyld5uFuTh6/original.jpg	CC BY 4.0	3D Printing Failure	3D printing failure	https://universe.roboflow.com/3d-printing-failure/3d-printing-failure
spaghetti	https://source.roboflow.com/BosfbljyipdiVzNOTBNmyifVsw62/022MEpkq6XSzUrk7Uk1l/original.jpg	CC BY 4.0	3D Printing Failure	3D printing failure	https://universe.roboflow.com/3d-printing-failure/3d-printing-failure
spaghetti	https://source.roboflow.com/BosfbljyipdiVzNOTBNmyifVsw62/02jL6VyTUiHy3Vs9tk5P/original.jpg	CC BY 4.0	3D Printing Failure	3D printing failure	https://universe.roboflow.com/3d-printing-failure/3d-printing-failure
spaghetti	https://source.roboflow.com/BosfbljyipdiVzNOTBNmyifVsw62/03HsYRBDMgqgq26kbPTb/original.jpg	CC BY 4.0	3D Printing Failure	3D printing failure	https://universe.roboflow.com/3d-printing-failure/3d-printing-failure
spaghetti	https://source.roboflow.com/BosfbljyipdiVzNOTBNmyifVsw62/03rKn0waGBnX3ClyMLx7/original.jpg	CC BY 4.0	3D Printing Failure	3D printing failure	https://universe.roboflow.com/3d-printing-failure/3d-printing-failure
spaghetti	https://source.roboflow.com/BosfbljyipdiVzNOTBNmyifVsw62/064BiwcwdGSgKTRzWJp9/original.jpg	CC BY 4.0	3D Printing Failure	3D printing failure	https://universe.roboflow.com/3d-printing-failure/3d-printing-failure
spaghetti	https://source.roboflow.com/BosfbljyipdiVzNOTBNmyifVsw62/06AM2EHR7nKkHv7C2jhw/original.jpg	CC BY 4.0	3D Printing Failure	3D printing failure	https://universe.roboflow.com/3d-printing-failure/3d-printing-failure
spaghetti	https://source.roboflow.com/BosfbljyipdiVzNOTBNmyifVsw62/06YHM0OBArO8sN2hFABv/original.jpg	CC BY 4.0	3D Printing Failure	3D printing failure	https://universe.roboflow.com/3d-printing-failure/3d-printing-failure
spaghetti	https://source.roboflow.com/BosfbljyipdiVzNOTBNmyifVsw62/06izuDyVgcVDwCuUrpy0/original.jpg	CC BY 4.0	3D Printing Failure	3D printing failure	https://universe.roboflow.com/3d-printing-failure/3d-printing-failure
spaghetti	https://source.roboflow.com/BosfbljyipdiVzNOTBNmyifVsw62/07MFzcvYIr2rlMbH0WdQ/original.jpg	CC BY 4.0	3D Printing Failure	3D printing failure	https://universe.roboflow.com/3d-printing-failure/3d-printing-failure
spaghetti	https://source.roboflow.com/BosfbljyipdiVzNOTBNmyifVsw62/081T6EQx7nFZa8ViyOwY/original.jpg	CC BY 4.0	3D Printing Failure	3D printing failure	https://universe.roboflow.com/3d-printing-failure/3d-printing-failure
spaghetti	https://source.roboflow.com/BosfbljyipdiVzNOTBNmyifVsw62/08aMmw43m78KLL7EovPR/original.jpg	CC BY 4.0	3D Printing Failure	3D printing failure	https://universe.roboflow.com/3d-printing-failure/3d-printing-failure
spaghetti	https://source.roboflow.com/BosfbljyipdiVzNOTBNmyifVsw62/08aS4Wyp0rJbjCXTa7YX/original.jpg	CC BY 4.0	3D Printing Failure	3D printing failure	https://universe.roboflow.com/3d-printing-failure/3d-printing-failure
spaghetti	https://source.roboflow.com/BosfbljyipdiVzNOTBNmyifVsw62/08bgM8bUEjOX9uTk0Pfu/original.jpg	CC BY 4.0	3D Printing Failure	3D printing failure	https://universe.roboflow.com/3d-printing-failure/3d-printing-failure
spaghetti	https://source.roboflow.com/BosfbljyipdiVzNOTBNmyifVsw62/08eBdRNtQWJV6RSIVpnh/original.jpg	CC BY 4.0	3D Printing Failure	3D printing failure	https://universe.roboflow.com/3d-printing-failure/3d-printing-failure
spaghetti	https://source.roboflow.com/BosfbljyipdiVzNOTBNmyifVsw62/09PzTD50rv4IWJtKmjuo/original.jpg	CC BY 4.0	3D Printing Failure	3D printing failure	https://universe.roboflow.com/3d-printing-failure/3d-printing-failure
spaghetti	https://source.roboflow.com/BosfbljyipdiVzNOTBNmyifVsw62/09TQxci9cH4syAKCDMkA/original.jpg	CC BY 4.0	3D Printing Failure	3D printing failure	https://universe.roboflow.com/3d-printing-failure/3d-printing-failure
spaghetti	https://source.roboflow.com/BosfbljyipdiVzNOTBNmyifVsw62/0AePNq6qfrpQBbf3hM7U/original.jpg	CC BY 4.0	3D Printing Failure	3D printing failure	https://universe.roboflow.com/3d-printing-failure/3d-printing-failure
spaghetti	https://source.roboflow.com/BosfbljyipdiVzNOTBNmyifVsw62/0BBfQx5h2TqPDCP2wQft/original.jpg	CC BY 4.0	3D Printing Failure	3D printing failure	https://universe.roboflow.com/3d-printing-failure/3d-printing-failure
spaghetti	https://source.roboflow.com/BosfbljyipdiVzNOTBNmyifVsw62/0BExD98ZANSVrT6MCsYk/original.jpg	CC BY 4.0	3D Printing Failure	3D printing failure	https://universe.roboflow.com/3d-printing-failure/3d-printing-failure
spaghetti	https://source.roboflow.com/BosfbljyipdiVzNOTBNmyifVsw62/0BGgXmXgOecv8GNMjYvG/original.jpg	CC BY 4.0	3D Printing Failure	3D printing failure	https://universe.roboflow.com/3d-printing-failure/3d-printing-failure
spaghetti	https://source.roboflow.com/BosfbljyipdiVzNOTBNmyifVsw62/0E6YKiSNnCqHOPPxRxXs/original.jpg	CC BY 4.0	3D Printing Failure	3D printing failure	https://universe.roboflow.com/3d-printing-failure/3d-printing-failure
spaghetti	https://source.roboflow.com/BosfbljyipdiVzNOTBNmyifVsw62/0Eb9Ha0GnGABo4aEgHZF/original.jpg	CC BY 4.0	3D Printing Failure	3D printing failure	https://universe.roboflow.com/3d-printing-failure/3d-printing-failure
spaghetti	https://source.roboflow.com/BosfbljyipdiVzNOTBNmyifVsw62/0Ffk2BZTrl6M4nZoNCCf/original.jpg	CC BY 4.0	3D Printing Failure	3D printing failure	https://universe.roboflow.com/3d-printing-failure/3d-printing-failure
spaghetti	https://source.roboflow.com/BosfbljyipdiVzNOTBNmyifVsw62/0G6NiApH4LuHi5K2kZmJ/original.jpg	CC BY 4.0	3D Printing Failure	3D printing failure	https://universe.roboflow.com/3d-printing-failure/3d-printing-failure
spaghetti	https://source.roboflow.com/BosfbljyipdiVzNOTBNmyifVsw62/0GSIlZXjo0RMMywXNCC3/original.jpg	CC BY 4.0	3D Printing Failure	3D printing failure	https://universe.roboflow.com/3d-printing-failure/3d-printing-failure
spaghetti	https://source.roboflow.com/BosfbljyipdiVzNOTBNmyifVsw62/0HcYspeKPVH4XAPwDANj/original.jpg	CC BY 4.0	3D Printing Failure	3D printing failure	https://universe.roboflow.com/3d-printing-failure/3d-printing-failure
spaghetti	https://source.roboflow.com/BosfbljyipdiVzNOTBNmyifVsw62/0I09rZTIqQgKdsMmvlDa/original.jpg	CC BY 4.0	3D Printing Failure	3D printing failure	https://universe.roboflow.com/3d-printing-failure/3d-printing-failure
spaghetti	https://source.roboflow.com/BosfbljyipdiVzNOTBNmyifVsw62/0IvuEDU9Z9ipuR13ics5/original.jpg	CC BY 4.0	3D Printing Failure	3D printing failure	https://universe.roboflow.com/3d-printing-failure/3d-printing-failure
spaghetti	https://source.roboflow.com/BosfbljyipdiVzNOTBNmyifVsw62/0J271tbp0WUXZ6EZj7k6/original.jpg	CC BY 4.0	3D Printing Failure	3D printing failure	https://universe.roboflow.com/3d-printing-failure/3d-printing-failure
spaghetti	https://source.roboflow.com/BosfbljyipdiVzNOTBNmyifVsw62/0Kv3nHPcbc2diQM45aw3/original.jpg	CC BY 4.0	3D Printing Failure	3D printing failure	https://universe.roboflow.com/3d-printing-failure/3d-printing-failure
spaghetti	https://source.roboflow.com/BosfbljyipdiVzNOTBNmyifVsw62/0LEa2qcfp0jD0N0Z3t8m/original.jpg	CC BY 4.0	3D Printing Failure	3D printing failure	https://universe.roboflow.com/3d-printing-failure/3d-printing-failure
spaghetti	https://source.roboflow.com/BosfbljyipdiVzNOTBNmyifVsw62/0MKgiI8TXUtQu0VNhcIF/original.jpg	CC BY 4.0	3D Printing Failure	3D printing failure	https://universe.roboflow.com/3d-printing-failure/3d-printing-failure
spaghetti	https://source.roboflow.com/BosfbljyipdiVzNOTBNmyifVsw62/0MUiJetEbzmPwuiuoNrY/original.jpg	CC BY 4.0	3D Printing Failure	3D printing failure	https://universe.roboflow.com/3d-printing-failure/3d-printing-failure
spaghetti	https://source.roboflow.com/BosfbljyipdiVzNOTBNmyifVsw62/0MXZ1GogO7AMSbOOJbM6/original.jpg	CC BY 4.0	3D Printing Failure	3D printing failure	https://universe.roboflow.com/3d-printing-failure/3d-printing-failure
spaghetti	https://source.roboflow.com/BosfbljyipdiVzNOTBNmyifVsw62/0N0IzMVWAMaX7ip29wIj/original.jpg	CC BY 4.0	3D Printing Failure	3D printing failure	https://universe.roboflow.com/3d-printing-failure/3d-printing-failure
spaghetti	https://source.roboflow.com/BosfbljyipdiVzNOTBNmyifVsw62/0NZKZeOz2zCup5VF4qOs/original.jpg	CC BY 4.0	3D Printing Failure	3D printing failure	https://universe.roboflow.com/3d-printing-failure/3d-printing-failure
spaghetti	https://source.roboflow.com/BosfbljyipdiVzNOTBNmyifVsw62/0PetHHQwL0il9BKT7aXn/original.jpg	CC BY 4.0	3D Printing Failure	3D printing failure	https://universe.roboflow.com/3d-printing-failure/3d-printing-failure
spaghetti	https://source.roboflow.com/BosfbljyipdiVzNOTBNmyifVsw62/0PfHR17lIwyxwiadvZoy/original.jpg	CC BY 4.0	3D Printing Failure	3D printing failure	https://universe.roboflow.com/3d-printing-failure/3d-printing-failure
spaghetti	https://source.roboflow.com/BosfbljyipdiVzNOTBNmyifVsw62/0PivtR5j5swR4zjl3VG7/original.jpg	CC BY 4.0	3D Printing Failure	3D printing failure	https://universe.roboflow.com/3d-printing-failure/3d-printing-failure
spaghetti	https://source.roboflow.com/BosfbljyipdiVzNOTBNmyifVsw62/0Q5BYNKqWwC0TgGwyF4f/original.jpg	CC BY 4.0	3D Printing Failure	3D printing failure	https://universe.roboflow.com/3d-printing-failure/3d-printing-failure
spaghetti	https://source.roboflow.com/BosfbljyipdiVzNOTBNmyifVsw62/0RFCwhlm5bdKDtbwz7LF/original.jpg	CC BY 4.0	3D Printing Failure	3D printing failure	https://universe.roboflow.com/3d-printing-failure/3d-printing-failure
spaghetti	https://source.roboflow.com/BosfbljyipdiVzNOTBNmyifVsw62/0SV8iD3xDPkwaVNa3kN3/original.jpg	CC BY 4.0	3D Printing Failure	3D printing failure	https://universe.roboflow.com/3d-printing-failure/3d-printing-failure
spaghetti	https://source.roboflow.com/BosfbljyipdiVzNOTBNmyifVsw62/0SrRIZ8XleqAohYZL55J/original.jpg	CC BY 4.0	3D Printing Failure	3D printing failure	https://universe.roboflow.com/3d-printing-failure/3d-printing-failure
spaghetti	https://source.roboflow.com/BosfbljyipdiVzNOTBNmyifVsw62/0T0kyGKsMctHXg5Qjfgm/original.jpg	CC BY 4.0	3D Printing Failure	3D printing failure	https://universe.roboflow.com/3d-printing-failure/3d-printing-failure
spaghetti	https://source.roboflow.com/BosfbljyipdiVzNOTBNmyifVsw62/0TIxBv9YfbQ1ju02Igne/original.jpg	CC BY 4.0	3D Printing Failure	3D printing failure	https://universe.roboflow.com/3d-printing-failure/3d-printing-failure
spaghetti	https://source.roboflow.com/BosfbljyipdiVzNOTBNmyifVsw62/0UEuYbPH4KiE3fX0d5F6/original.jpg	CC BY 4.0	3D Printing Failure	3D printing failure	https://universe.roboflow.com/3d-printing-failure/3d-printing-failure
spaghetti	https://source.roboflow.com/BosfbljyipdiVzNOTBNmyifVsw62/0UKBZFXCOaTX0mhJS05M/original.jpg	CC BY 4.0	3D Printing Failure	3D printing failure	https://universe.roboflow.com/3d-printing-failure/3d-printing-failure
spaghetti	https://source.roboflow.com/BosfbljyipdiVzNOTBNmyifVsw62/0UoIxXYLMBesZlSH5Jqc/original.jpg	CC BY 4.0	3D Printing Failure	3D printing failure	https://universe.roboflow.com/3d-printing-failure/3d-printing-failure
spaghetti	https://source.roboflow.com/BosfbljyipdiVzNOTBNmyifVsw62/0VGM3uX7HbAIXiyIcgEr/original.jpg	CC BY 4.0	3D Printing Failure	3D printing failure	https://universe.roboflow.com/3d-printing-failure/3d-printing-failure
spaghetti	https://source.roboflow.com/BosfbljyipdiVzNOTBNmyifVsw62/0VIkmLgqKK2nRJP0Lzhv/original.jpg	CC BY 4.0	3D Printing Failure	3D printing failure	https://universe.roboflow.com/3d-printing-failure/3d-printing-failure
spaghetti	https://source.roboflow.com/BosfbljyipdiVzNOTBNmyifVsw62/0VYZkGRJXjTqthkwunKr/original.jpg	CC BY 4.0	3D Printing Failure	3D printing failure	https://universe.roboflow.com/3d-printing-failure/3d-printing-failure
spaghetti	https://source.roboflow.com/BosfbljyipdiVzNOTBNmyifVsw62/0VyteKSEzbBq8zY2syZe/original.jpg	CC BY 4.0	3D Printing Failure	3D printing failure	https://universe.roboflow.com/3d-printing-failure/3d-printing-failure
spaghetti	https://source.roboflow.com/BosfbljyipdiVzNOTBNmyifVsw62/0WGxG7LN9vU1KYMaepjl/original.jpg	CC BY 4.0	3D Printing Failure	3D printing failure	https://universe.roboflow.com/3d-printing-failure/3d-printing-failure
spaghetti	https://source.roboflow.com/BosfbljyipdiVzNOTBNmyifVsw62/0WwnVnSwKATzt3B2egUf/original.jpg	CC BY 4.0	3D Printing Failure	3D printing failure	https://universe.roboflow.com/3d-printing-failure/3d-printing-failure
spaghetti	https://source.roboflow.com/BosfbljyipdiVzNOTBNmyifVsw62/0Y3aVtLe9ipsouoShm6c/original.jpg	CC BY 4.0	3D Printing Failure	3D printing failure	https://universe.roboflow.com/3d-printing-failure/3d-printing-failure
spaghetti	https://source.roboflow.com/BosfbljyipdiVzNOTBNmyifVsw62/0YDSjmpNEG3gg9VMPtiZ/original.jpg	CC BY 4.0	3D Printing Failure	3D printing failure	https://universe.roboflow.com/3d-printing-failure/3d-printing-failure
spaghetti	https://source.roboflow.com/BosfbljyipdiVzNOTBNmyifVsw62/0YTN33WEXRIRxtGDBye1/original.jpg	CC BY 4.0	3D Printing Failure	3D printing failure	https://universe.roboflow.com/3d-printing-failure/3d-printing-failure
spaghetti	https://source.roboflow.com/BosfbljyipdiVzNOTBNmyifVsw62/0Ya88q9GlDDwAq6vlqyX/original.jpg	CC BY 4.0	3D Printing Failure	3D printing failure	https://universe.roboflow.com/3d-printing-failure/3d-printing-failure
spaghetti	https://source.roboflow.com/BosfbljyipdiVzNOTBNmyifVsw62/0ZG6OMYi08rgn8zgOIUc/original.jpg	CC BY 4.0	3D Printing Failure	3D printing failure	https://universe.roboflow.com/3d-printing-failure/3d-printing-failure
spaghetti	https://source.roboflow.com/BosfbljyipdiVzNOTBNmyifVsw62/0ZQqK8tHVjZZBfpevpGq/original.jpg	CC BY 4.0	3D Printing Failure	3D printing failure	https://universe.roboflow.com/3d-printing-failure/3d-printing-failure
spaghetti	https://source.roboflow.com/BosfbljyipdiVzNOTBNmyifVsw62/0ZTB6KxxnqtBjrjHtZGN/original.jpg	CC BY 4.0	3D Printing Failure	3D printing failure	https://universe.roboflow.com/3d-printing-failure/3d-printing-failure
spaghetti	https://source.roboflow.com/BosfbljyipdiVzNOTBNmyifVsw62/0aGzt7w1yNvicnrH4Qn7/original.jpg	CC BY 4.0	3D Printing Failure	3D printing failure	https://universe.roboflow.com/3d-printing-failure/3d-printing-failure
spaghetti	https://source.roboflow.com/BosfbljyipdiVzNOTBNmyifVsw62/0bZo1J7jivFqesnD7eM6/original.jpg	CC BY 4.0	3D Printing Failure	3D printing failure	https://universe.roboflow.com/3d-printing-failure/3d-printing-failure
spaghetti	https://source.roboflow.com/BosfbljyipdiVzNOTBNmyifVsw62/0bdNy53q5UGeO8JVRM1g/original.jpg	CC BY 4.0	3D Printing Failure	3D printing failure	https://universe.roboflow.com/3d-printing-failure/3d-printing-failure
spaghetti	https://source.roboflow.com/BosfbljyipdiVzNOTBNmyifVsw62/0blgkD6jzOrfAS156z74/original.jpg	CC BY 4.0	3D Printing Failure	3D printing failure	https://universe.roboflow.com/3d-printing-failure/3d-printing-failure
spaghetti	https://source.roboflow.com/BosfbljyipdiVzNOTBNmyifVsw62/0cg9fgIqqhdCYO54tL1r/original.jpg	CC BY 4.0	3D Printing Failure	3D printing failure	https://universe.roboflow.com/3d-printing-failure/3d-printing-failure
spaghetti	https://source.roboflow.com/BosfbljyipdiVzNOTBNmyifVsw62/0d4LXly5ncWt0wZSY0CA/original.jpg	CC BY 4.0	3D Printing Failure	3D printing failure	https://universe.roboflow.com/3d-printing-failure/3d-printing-failure
spaghetti	https://source.roboflow.com/BosfbljyipdiVzNOTBNmyifVsw62/0dDDllAYUrMjtu5tXStO/original.jpg	CC BY 4.0	3D Printing Failure	3D printing failure	https://universe.roboflow.com/3d-printing-failure/3d-printing-failure
spaghetti	https://source.roboflow.com/BosfbljyipdiVzNOTBNmyifVsw62/0eAEnOQOAlnj6eTCfvIt/original.jpg	CC BY 4.0	3D Printing Failure	3D printing failure	https://universe.roboflow.com/3d-printing-failure/3d-printing-failure
spaghetti	https://source.roboflow.com/BosfbljyipdiVzNOTBNmyifVsw62/0fGp2o9hnpROeZCBA15c/original.jpg	CC BY 4.0	3D Printing Failure	3D printing failure	https://universe.roboflow.com/3d-printing-failure/3d-printing-failure
spaghetti	https://source.roboflow.com/BosfbljyipdiVzNOTBNmyifVsw62/0fPUo7XVVN6iRwbmpDX5/original.jpg	CC BY 4.0	3D Printing Failure	3D printing failure	https://universe.roboflow.com/3d-printing-failure/3d-printing-failure
spaghetti	https://source.roboflow.com/BosfbljyipdiVzNOTBNmyifVsw62/0fjwDrnBvnPqFNRo2Pci/original.jpg	CC BY 4.0	3D Printing Failure	3D printing failure	https://universe.roboflow.com/3d-printing-failure/3d-printing-failure
spaghetti	https://source.roboflow.com/BosfbljyipdiVzNOTBNmyifVsw62/0fqhf4Uo3T3Ft6bTmF4V/original.jpg	CC BY 4.0	3D Printing Failure	3D printing failure	https://universe.roboflow.com/3d-printing-failure/3d-printing-failure
spaghetti	https://source.roboflow.com/BosfbljyipdiVzNOTBNmyifVsw62/0g4DEkOQNt9PQ4GFEGT7/original.jpg	CC BY 4.0	3D Printing Failure	3D printing failure	https://universe.roboflow.com/3d-printing-failure/3d-printing-failure
spaghetti	https://source.roboflow.com/BosfbljyipdiVzNOTBNmyifVsw62/0gfn1sSG86iyZ1w7DYb3/original.jpg	CC BY 4.0	3D Printing Failure	3D printing failure	https://universe.roboflow.com/3d-printing-failure/3d-printing-failure
spaghetti	https://source.roboflow.com/BosfbljyipdiVzNOTBNmyifVsw62/0j7oK7OSQftV4WhIh9ZL/original.jpg	CC BY 4.0	3D Printing Failure	3D printing failure	https://universe.roboflow.com/3d-printing-failure/3d-printing-failure
spaghetti	https://source.roboflow.com/BosfbljyipdiVzNOTBNmyifVsw62/0jDaxX7ysmJ9XTahvkiY/original.jpg	CC BY 4.0	3D Printing Failure	3D printing failure	https://universe.roboflow.com/3d-printing-failure/3d-printing-failure
spaghetti	https://source.roboflow.com/BosfbljyipdiVzNOTBNmyifVsw62/0kQrZHrMtbiUqGlvjr88/original.jpg	CC BY 4.0	3D Printing Failure	3D printing failure	https://universe.roboflow.com/3d-printing-failure/3d-printing-failure
spaghetti	https://source.roboflow.com/BosfbljyipdiVzNOTBNmyifVsw62/0kuYxoTzcChenNVcezyw/original.jpg	CC BY 4.0	3D Printing Failure	3D printing failure	https://universe.roboflow.com/3d-printing-failure/3d-printing-failure
spaghetti	https://source.roboflow.com/BosfbljyipdiVzNOTBNmyifVsw62/0l4xgvQU7ySDGqn1Wp8W/original.jpg	CC BY 4.0	3D Printing Failure	3D printing failure	https://universe.roboflow.com/3d-printing-failure/3d-printing-failure
spaghetti	https://source.roboflow.com/BosfbljyipdiVzNOTBNmyifVsw62/0nbdYHFpHrDFYmSJX9Ae/original.jpg	CC BY 4.0	3D Printing Failure	3D printing failure	https://universe.roboflow.com/3d-printing-failure/3d-printing-failure
spaghetti	https://source.roboflow.com/BosfbljyipdiVzNOTBNmyifVsw62/0o5AF6GuJsmm5E7MQuy6/original.jpg	CC BY 4.0	3D Printing Failure	3D printing failure	https://universe.roboflow.com/3d-printing-failure/3d-printing-failure
spaghetti	https://source.roboflow.com/BosfbljyipdiVzNOTBNmyifVsw62/0oHnwVmf8jjvAjGjHJhm/original.jpg	CC BY 4.0	3D Printing Failure	3D printing failure	https://universe.roboflow.com/3d-printing-failure/3d-printing-failure
spaghetti	https://source.roboflow.com/BosfbljyipdiVzNOTBNmyifVsw62/0pi464Zvl1Y4K8Ee9cIl/original.jpg	CC BY 4.0	3D Printing Failure	3D printing failure	https://universe.roboflow.com/3d-printing-failure/3d-printing-failure
spaghetti	https://source.roboflow.com/BosfbljyipdiVzNOTBNmyifVsw62/0qIAo5FstcN6jSEURWJ5/original.jpg	CC BY 4.0	3D Printing Failure	3D printing failure	https://universe.roboflow.com/3d-printing-failure/3d-printing-failure
spaghetti	https://source.roboflow.com/BosfbljyipdiVzNOTBNmyifVsw62/0qz6ZiOBMlamgJZfvHP4/original.jpg	CC BY 4.0	3D Printing Failure	3D printing failure	https://universe.roboflow.com/3d-printing-failure/3d-printing-failure
spaghetti	https://source.roboflow.com/BosfbljyipdiVzNOTBNmyifVsw62/0rersU5sTAYIAWdw7owp/original.jpg	CC BY 4.0	3D Printing Failure	3D printing failure	https://universe.roboflow.com/3d-printing-failure/3d-printing-failure
ok	https://live.staticflickr.com/2814/12949714943_3b3f828b18_b.jpg	CC BY	dumbledad	3D Print in progress	https://www.flickr.com/photos/27141279@N00/12949714943
ok	https://live.staticflickr.com/7324/12949715843_04dbc4d8e9_b.jpg	CC BY	dumbledad	3D Print in progress	https://www.flickr.com/photos/27141279@N00/12949715843
ok	https://live.staticflickr.com/4009/4392589723_b3845892db_b.jpg	CC BY	ben_osteen	RepRap 3D printing in progress	https://www.flickr.com/photos/23269701@N02/4392589723
ok	https://live.staticflickr.com/3667/8944904752_d3af8a8fb5_b.jpg	CC BY	jurvetson	Our Special Project Rockets	https://www.flickr.com/photos/44124348109@N01/8944904752
ok	https://live.staticflickr.com/447/19259645982_d34c4faff0_b.jpg	CC BY	Creative Tools	#3DBenchy in Simplify3D 3.0 User Interface - Customize Support Structures	https://www.flickr.com/photos/33907867@N02/19259645982
ok	https://live.staticflickr.com/5633/25373302019_c47162cfc6_b.jpg	CC BY	James Webb Space Telescope	James Webb Space Telescope Artist Event	https://www.flickr.com/photos/50785054@N03/25373302019
ok	https://live.staticflickr.com/5342/22830890728_790c21233d_b.jpg	CC BY	James Webb Space Telescope	James Webb Space Telescope Artist Event	https://www.flickr.com/photos/50785054@N03/22830890728
ok	https://live.staticflickr.com/5779/22830598268_8cdb39af37_b.jpg	CC BY	James Webb Space Telescope	James Webb Space Telescope Artist Event	https://www.flickr.com/photos/50785054@N03/22830598268
ok	https://live.staticflickr.com/7088/7237458152_97718434b9_b.jpg	CC BY	Kyle McDonald	DSC_0618	https://www.flickr.com/photos/28622838@N00/7237458152
ok	https://live.staticflickr.com/8142/7237448468_6025946842_b.jpg	CC BY	Kyle McDonald	DSC_0612	https://www.flickr.com/photos/28622838@N00/7237448468
ok	https://live.staticflickr.com/7226/7237454816_e48a86054f_b.jpg	CC BY	Kyle McDonald	DSC_0617	https://www.flickr.com/photos/28622838@N00/7237454816
ok	https://live.staticflickr.com/258/19079456729_d8308708a4_b.jpg	CC BY	Creative Tools	#3DBenchy in Simplify3D 3.0 User Interface - Gcode coloring - Movement Speed	https://www.flickr.com/photos/33907867@N02/19079456729
ok	https://live.staticflickr.com/529/19265581925_fa9a6b99b6_b.jpg	CC BY	Creative Tools	#3DBenchy in Simplify3D 3.0 User Interface - Gcode coloring - Feature type	https://www.flickr.com/photos/33907867@N02/19265581925
ok	https://live.staticflickr.com/3819/19239517316_9cecc0a4e3_b.jpg	CC BY	Creative Tools	#3DBenchy in Simplify3D 3.0 User Interface - Transformation right docked panel	https://www.flickr.com/photos/33907867@N02/19239517316
ok	https://live.staticflickr.com/388/19077998030_5e07baeebb_b.jpg	CC BY	Creative Tools	#3DBenchy in Simplify3D 3.0 User Interface - Gcode coloring - Feature type, rect	https://www.flickr.com/photos/33907867@N02/19077998030
ok	https://live.staticflickr.com/7495/16338541421_797764cc86_b.jpg	CC BY	Creative Tools	Anders3D_03	https://www.flickr.com/photos/33907867@N02/16338541421
ok	https://live.staticflickr.com/7082/7237451938_8f94c9d456_b.jpg	CC BY	Kyle McDonald	DSC_0614	https://www.flickr.com/photos/28622838@N00/7237451938
ok	https://live.staticflickr.com/65535/52616990904_773464ab73_b.jpg	CC0	Changing Things Up(Cycle)	Variaions - Kodak No 3 A Film Adapters	https://www.flickr.com/photos/42427670@N08/52616990904
ok	https://live.staticflickr.com/2858/33561359666_6c56745b14_b.jpg	CC BY	fdecomite	Work in Progress : Nautilus Pompilius	https://www.flickr.com/photos/21649179@N00/33561359666
ok	https://live.staticflickr.com/7561/15144764244_703df2dc22_b.jpg	CC BY	Creative Tools	Urban Sandberg 3D-printad reservdel - Reparation v02	https://www.flickr.com/photos/33907867@N02/15144764244
ok	https://live.staticflickr.com/65535/51665939970_e27fd2a273_b.jpg	CC BY	Dennis S. Hurd	And Another in Progress	https://www.flickr.com/photos/43296902@N00/51665939970
ok	https://live.staticflickr.com/8520/8481350164_2863239b4f.jpg	CC BY	eyeknownuffin	Today's modest #3D printing success; a 5-cent bottle-opener keyring. If you'd li	https://www.flickr.com/photos/52364745@N00/8481350164
ok	https://live.staticflickr.com/620/20460549609_5e92193033.jpg	CC BY	neXtplanaut	#3D #printing work in progress #drone parts	https://www.flickr.com/photos/36362496@N02/20460549609
ok	https://cdn.thingiverse.com/renders/b8/c9/ca/c5/48/a8e5d4347cac71c819e61c02a9a36ec7_display_large.jpg	CC0	Martin Slade	Automated Cup Dispenser	https://www.thingiverse.com/thing:3031499
ok	https://cdn.thingiverse.com/renders/f0/14/0d/da/1b/dea84af803537b96490fc7963e212500_display_large.jpg	CC0	Martin Slade	Automated Cup Dispenser	https://www.thingiverse.com/thing:3031499
ok	https://cdn.thingiverse.com/renders/61/9a/2b/8d/60/d2f46210a304a3e0a2d2c192545cc7b9_display_large.jpg	CC0	Martin Slade	Automated Cup Dispenser	https://www.thingiverse.com/thing:3031499
ok	https://cdn.thingiverse.com/renders/cd/42/79/f6/a6/2cf90819b3e8764df1ff21dc19bfce04_display_large.jpg	CC0	Tomas Gozalvez	brazo robotico	https://www.thingiverse.com/thing:2713872
ok	https://cdn.thingiverse.com/renders/a7/d1/6b/b8/b0/35154456cfa67bd8947ea72b32dcbb6d_display_large.jpg	CC0	steve White	Yet Another Railcore 2 Spool Holder	https://www.thingiverse.com/thing:3024088
ok	https://cdn.thingiverse.com/renders/8b/fd/77/67/a6/53ee296b6511d53d23ce7705545ed116_display_large.jpg	CC0	Bridgeville Library Imagineering Club	maze controlled by Android Bluetooth	https://www.thingiverse.com/thing:1451703
ok	https://cdn.thingiverse.com/renders/da/95/a0/6f/ec/W_Aileron_display_large.jpg	CC0	Rodney Wells	Print and fly. PAF	https://www.thingiverse.com/thing:124710
ok	https://cdn.thingiverse.com/renders/85/71/28/17/cd/Aileron100_display_large.jpg	CC0	Rodney Wells	Print and fly. PAF	https://www.thingiverse.com/thing:124710
ok	https://cdn.thingiverse.com/renders/45/14/51/f0/8d/Aileron_R_120_display_large.jpg	CC0	Rodney Wells	Print and fly. PAF	https://www.thingiverse.com/thing:124710
ok	https://cdn.thingiverse.com/renders/e5/cf/f6/7b/fc/Aileron_L_120_display_large.jpg	CC0	Rodney Wells	Print and fly. PAF	https://www.thingiverse.com/thing:124710
ok	https://cdn.thingiverse.com/renders/a4/bc/bf/05/7d/F_Part_A_display_large.jpg	CC0	Rodney Wells	Print and fly. PAF	https://www.thingiverse.com/thing:124710
ok	https://cdn.thingiverse.com/renders/5b/7f/da/55/ae/222a8c1171eadebce018326b4d1ee933_display_large.jpg	CC0	Paul da Silva	Raspberry Pi Camera mount for 3D printer (inclined to focus on the print area)	https://www.thingiverse.com/thing:1570866
ok	https://cdn.thingiverse.com/renders/2a/72/42/cf/ee/637bbc1c8ff8e782978d58b0640101f0_display_large.jpg	CC0	Desibot!	Raspberry Pi camera module (Designer's Placeholder)	https://www.thingiverse.com/thing:1669015
ok	https://cdn.thingiverse.com/renders/73/fd/d4/c4/81/E_Part_A_Left_display_large.jpg	CC0	Rodney Wells	Print and fly. PAF	https://www.thingiverse.com/thing:124710
ok	https://cdn.thingiverse.com/renders/04/eb/72/61/b9/E_Part_A_Right_display_large.jpg	CC0	Rodney Wells	Print and fly. PAF	https://www.thingiverse.com/thing:124710
ok	https://cdn.thingiverse.com/renders/0c/71/b7/3f/88/8eb9a935b7724762bddf31e907f29eef_display_large.jpg	CC0	Mirar Ha	Spool holder with filament loop	https://www.thingiverse.com/thing:3184209
ok	https://cdn.thingiverse.com/renders/28/17/ea/97/a5/b956da62fdc41c5a87262da400a692da_display_large.jpg	CC0	Mirar Ha	Spool holder with filament loop	https://www.thingiverse.com/thing:3184209
ok	https://cdn.thingiverse.com/renders/7a/24/00/a2/d2/aaf71c840df55b7ae9de76a9ab2aa6f0_display_large.jpg	CC0	jake	8-Bit Classic Mario	https://www.thingiverse.com/thing:2153014
ok	https://cdn.thingiverse.com/renders/57/15/27/05/0c/c2e217a59303828606fc1c2c60d50473_display_large.jpg	CC0	Ben Eby	DIY minimalist wallet	https://www.thingiverse.com/thing:3088631
ok	https://cdn.thingiverse.com/renders/69/95/f9/d0/55/Fixer_Coil_display_large.jpg	CC0	BioDeploy	Generator Skeleton Alpha Release 'Fukushima' - Public Domain - OpenSource/Hardwa	https://www.thingiverse.com/thing:355391
ok	https://cdn.thingiverse.com/renders/f8/eb/aa/3c/f3/3a023ce87659eebba2c8c5d374673ca1_display_large.jpg	CC0	Jim Parker	RAMPS Case MPCNC Mount	https://www.thingiverse.com/thing:2284924
ok	https://cdn.thingiverse.com/renders/c7/ba/30/d5/9e/michaelis_display_large.jpg	CC0	Ortwin Bönhold	St. Michael's Church, Hildesheim	https://www.thingiverse.com/thing:285258
ok	https://cdn.thingiverse.com/renders/04/d8/33/7d/c5/27d261631e254420ae930dae8606a9e8_display_large.jpg	CC0	Mirar Ha	Spool holder with filament loop	https://www.thingiverse.com/thing:3184209
ok	https://cdn.thingiverse.com/renders/b7/ee/c6/32/e4/16a5aaed0f1c1d781281aa2ff8ac2331_display_large.jpg	CC0	Nenad Rijavec	3d Printer End Stop Made from Scratch	https://www.thingiverse.com/thing:2349135
ok	https://cdn.thingiverse.com/renders/9c/23/d3/60/c4/First_Level_display_large.jpg	CC0	BioDeploy 	Generator Skeleton Alpha Release 'Fukushima' - Public Domain - OpenSource/Hardwa	https://www.thingiverse.com/thing:355391
ok	https://cdn.thingiverse.com/renders/e1/4b/e4/ca/10/15ab4d419c602eb6634f8de7da6bcb04_display_large.jpg	CC0	Илья Мольков	water cooling e3d v6	https://www.thingiverse.com/thing:2710452
ok	https://cdn.thingiverse.com/renders/31/ba/41/79/d2/c77e1912d3e9eacaf26edb7df60a0fad_display_large.jpg	CC0	Francisco Santos	Hand Glove	https://www.thingiverse.com/thing:3319765
ok	https://cdn.thingiverse.com/renders/73/bf/dc/9a/9a/12a4a7b14fb09138a3dd72caa4bc9f1a_display_large.jpg	CC0	Mirar Ha	Spool holder with filament loop	https://www.thingiverse.com/thing:3184209
ok	https://cdn.thingiverse.com/renders/35/1d/69/28/8b/7936e1904dec52e1af77ae516c2546d3_display_large.jpg	CC0	Joshua Curfman	Intel R200 camera adapter for Turtlebot	https://www.thingiverse.com/thing:1699395
ok	https://cdn.thingiverse.com/renders/28/d1/72/53/29/SqTube-Join5_or_Join6_display_large.jpg	CC0	Michael M	Aluminium Square Tube Connectors - Parametric SCAD Library	https://www.thingiverse.com/thing:30942
ok	https://cdn.thingiverse.com/renders/b7/bc/a8/e3/c0/57f312213586f4db5ce062b65d8a6737_display_large.jpg	CC0	diego miguel	needle file rack	https://www.thingiverse.com/thing:3006013
ok	https://cdn.thingiverse.com/renders/f7/54/1e/32/86/shredder_gear_display_large.jpg	CC0	Mark Edmondson	Replacement gear for Embassy TQ80Bc paper shredder	https://www.thingiverse.com/thing:199651
ok	https://cdn.thingiverse.com/renders/32/6f/a9/28/d1/puller_structure_simplified_fixed_display_large.jpg	CC0	Diego Trapero	Modular Filament Extruder	https://www.thingiverse.com/thing:733769
ok	https://cdn.thingiverse.com/renders/be/be/0a/6d/6c/cc448fde3b866ae90c36b8cadbc9c3b5_display_large.jpg	CC0	Mark Wrigley	PiKon Telescope	https://www.thingiverse.com/thing:2200862
ok	https://cdn.thingiverse.com/renders/06/26/29/dd/e1/corner%2Bwheel_right_display_large.jpg	CC0	Franci Kopac	A set of connectors for making boxes out of 20 mm square aluminium profiles	https://www.thingiverse.com/thing:1153624
ok	https://cdn.thingiverse.com/renders/29/78/90/70/fe/testRX100_display_large.jpg	CC0	Matthieu Chatry	Sony RX100 trigger block	https://www.thingiverse.com/thing:702177
ok	https://cdn.thingiverse.com/renders/f7/a5/d7/31/5a/be32b566eb350e0743c7c1f46258cb27_display_large.jpg	CC0	Kevin Wright	Crickit standoff platform	https://www.thingiverse.com/thing:3062553
ok	https://live.staticflickr.com/8578/15223809743_a8871765b4_b.jpg	CC BY	Creative Tools	WanHao_Duplicator4S_Bild12_5184x2912	https://www.flickr.com/photos/33907867@N02/15223809743
ok	https://live.staticflickr.com/7580/15656119550_9270aeaaab_b.jpg	CC BY	Creative Tools	WanHao_Duplicator4S_Bild02_5184x2912	https://www.flickr.com/photos/33907867@N02/15656119550
ok	https://live.staticflickr.com/7521/15843481335_e4020ec2f8_b.jpg	CC BY	Creative Tools	WanHao_Duplicator4S_Bild04_5184x2912	https://www.flickr.com/photos/33907867@N02/15843481335
ok	https://live.staticflickr.com/8669/15817639786_707f5a4790_b.jpg	CC BY	Creative Tools	WanHao_Duplicator4S_Bild03_5184x2912	https://www.flickr.com/photos/33907867@N02/15817639786
ok	https://live.staticflickr.com/7483/15657451739_258a802efc_b.jpg	CC BY	Creative Tools	WanHao_Duplicator4S_Bild15_5184x2912	https://www.flickr.com/photos/33907867@N02/15657451739
ok	https://live.staticflickr.com/2873/8965235630_64b36f0af4_b.jpg	CC BY	jabella	Prusa i3 3D Printer - Reprap - Completed	https://www.flickr.com/photos/31954184@N00/8965235630
ok	https://live.staticflickr.com/7522/15681882649_6183105056_b.jpg	CC BY	Creative Tools	WanHao_Duplicator4S_Bild22_5184x2912	https://www.flickr.com/photos/33907867@N02/15681882649
ok	https://live.staticflickr.com/8034/8006950551_e3fdb14d70_b.jpg	CC BY	faberdasher	KamerMaker - Doodle 3D	https://www.flickr.com/photos/57758382@N04/8006950551
ok	https://live.staticflickr.com/3927/15286324227_8be01f2e5d_b.jpg	CC BY	Creative Tools	Universal Filament Filter	https://www.flickr.com/photos/33907867@N02/15286324227
ok	https://live.staticflickr.com/3934/15449799646_d6c7569f1c_b.jpg	CC BY	Creative Tools	Universal Filament Filter	https://www.flickr.com/photos/33907867@N02/15449799646
ok	https://live.staticflickr.com/3946/15286003889_8d574a559e_b.jpg	CC BY	Creative Tools	Universal Filament Filter	https://www.flickr.com/photos/33907867@N02/15286003889
ok	https://live.staticflickr.com/3939/15286324097_64064c757a_b.jpg	CC BY	Creative Tools	Universal Filament Filter	https://www.flickr.com/photos/33907867@N02/15286324097
ok	https://live.staticflickr.com/5602/15472884515_7952bb770a_b.jpg	CC BY	Creative Tools	Universal Filament Filter	https://www.flickr.com/photos/33907867@N02/15472884515
ok	https://live.staticflickr.com/3954/15286324137_066dda4791_b.jpg	CC BY	Creative Tools	Universal Filament Filter	https://www.flickr.com/photos/33907867@N02/15286324137
ok	https://live.staticflickr.com/5597/15286258898_6d0ee9cf40_b.jpg	CC BY	Creative Tools	Universal Filament Filter	https://www.flickr.com/photos/33907867@N02/15286258898
ok	https://live.staticflickr.com/3937/15469755251_32ba16c08e_b.jpg	CC BY	Creative Tools	Universal Filament Filter	https://www.flickr.com/photos/33907867@N02/15469755251
ok	https://live.staticflickr.com/5597/15286324047_7205a1e0dd_b.jpg	CC BY	Creative Tools	Universal Filament Filter	https://www.flickr.com/photos/33907867@N02/15286324047
ok	https://live.staticflickr.com/7580/15656119430_614df13626_b.jpg	CC BY	Creative Tools	WanHao_Duplicator4S_Bild01_5184x2912	https://www.flickr.com/photos/33907867@N02/15656119430
ok	https://live.staticflickr.com/8228/8563369119_598579efa9_b.jpg	CC BY	todbot	Replicator minimal Mk8 replacement	https://www.flickr.com/photos/35034345966@N01/8563369119
ok	https://live.staticflickr.com/5021/13990656033_527217cb8e.jpg	CC BY	Creative Tools	10 Simplify3D FFF settings Extruder	https://www.flickr.com/photos/33907867@N02/13990656033
ok	https://live.staticflickr.com/8600/15657700357_5ee066e1dd_b.jpg	CC BY	Creative Tools	WanHao_Duplicator4S_Bild05_5184x2912	https://www.flickr.com/photos/33907867@N02/15657700357
ok	https://live.staticflickr.com/7557/15223810163_66f9769fae_b.jpg	CC BY	Creative Tools	WanHao_Duplicator4S_Bild17_5184x2912	https://www.flickr.com/photos/33907867@N02/15223810163
ok	https://live.staticflickr.com/7578/15221200524_c952b90408_b.jpg	CC BY	Creative Tools	WanHao_Duplicator4S_Bild10_5184x2912	https://www.flickr.com/photos/33907867@N02/15221200524
ok	https://live.staticflickr.com/8636/15655946498_6cd20d790f_b.jpg	CC BY	Creative Tools	WanHao_Duplicator4S_Bild14_5184x2912	https://www.flickr.com/photos/33907867@N02/15655946498
ok	https://live.staticflickr.com/8611/15656119650_64a2101cf8_b.jpg	CC BY	Creative Tools	WanHao_Duplicator4S_Bild07_5184x2912	https://www.flickr.com/photos/33907867@N02/15656119650
ok	https://live.staticflickr.com/7479/15221201224_d01f985fe7_b.jpg	CC BY	Creative Tools	WanHao_Duplicator4S_Bild19_5184x2912	https://www.flickr.com/photos/33907867@N02/15221201224
ok	https://live.staticflickr.com/8582/15221200774_07416f4d07_b.jpg	CC BY	Creative Tools	WanHao_Duplicator4S_Bild08_5184x2912	https://www.flickr.com/photos/33907867@N02/15221200774
ok	https://live.staticflickr.com/7486/15657700397_f174f6d036_b.jpg	CC BY	Creative Tools	WanHao_Duplicator4S_Bild06_5184x2912	https://www.flickr.com/photos/33907867@N02/15657700397
ok	https://live.staticflickr.com/7545/15843481035_58f50c2ba7_b.jpg	CC BY	Creative Tools	WanHao_Duplicator4S_Bild13_5184x2912	https://www.flickr.com/photos/33907867@N02/15843481035
ok	https://live.staticflickr.com/7580/15656120090_d401ef9c5e_b.jpg	CC BY	Creative Tools	WanHao_Duplicator4S_Bild18_5184x2912	https://www.flickr.com/photos/33907867@N02/15656120090
ok	https://live.staticflickr.com/7528/15657700497_aa5ca54377_b.jpg	CC BY	Creative Tools	WanHao_Duplicator4S_Bild09_5184x2912	https://www.flickr.com/photos/33907867@N02/15657700497
ok	https://live.staticflickr.com/7476/15657701277_2cdc84eb77_b.jpg	CC BY	Creative Tools	WanHao_Duplicator4S_Bild21_5184x2912	https://www.flickr.com/photos/33907867@N02/15657701277
ok	https://live.staticflickr.com/8628/15657701017_bef75a83af_b.jpg	CC BY	Creative Tools	WanHao_Duplicator4S_Bild20_5184x2912	https://www.flickr.com/photos/33907867@N02/15657701017
ok	https://media.sketchfab.com/models/04b64fca2e5b483d9970ad5c4fa49feb/thumbnails/a8020bdbff6c414eb84ccf821fe21500/f90260f5647041c79894bc073dc1b54c.jpeg	CC BY	Ryan Hoover	Bioprinter Syringe Extruder Water Jacket - Outer	https://sketchfab.com/3d-models/04b64fca2e5b483d9970ad5c4fa49feb
ok	https://media.sketchfab.com/models/09a5745f9f334e859ae16452af781471/thumbnails/365bb7a5b5394832841b8cf41714777d/9b253ff9c5b04a6d81802f2c00be50d5.jpeg	CC BY	Ryan Hoover	Bioprinter Syringe Extruder Water Jacket - Inner	https://sketchfab.com/3d-models/09a5745f9f334e859ae16452af781471
ok	https://cdn.thingiverse.com/renders/28/c0/30/f6/cd/4d784870fdadb43c23e7cdf557098c98_display_large.jpg	CC0	Walter Hsiao	Quadstruder K7 v2 - Dual Drive Extruder	https://www.thingiverse.com/thing:2890048
ok	https://cdn.thingiverse.com/renders/f2/e6/2c/a8/aa/e8c8d1b1540e8f1f71e2c8a71ab4f644_display_large.jpg	CC0	Joe Gatling	Delta 3D Printer Cable Clip	https://www.thingiverse.com/thing:2000596
ok	https://cdn.thingiverse.com/renders/69/47/00/15/0d/0149a7b92f24d97c8837f69130db1a53_display_large.jpg	CC0	Walter Hsiao	Fostruder K4 - Dual Drive Extruder	https://www.thingiverse.com/thing:2790946
ok	https://cdn.thingiverse.com/renders/67/a8/15/a1/ac/349582ce40be99b3b75e13ba69271d47_display_large.jpg	CC0	Walter Hsiao	Fostruder H4 - Dual Drive Extruder	https://www.thingiverse.com/thing:2790949
ok	https://cdn.thingiverse.com/renders/da/a8/aa/78/df/04e969f7a06e5e95e85ad8744dccbe8f_display_large.jpg	CC0	Walter Hsiao	Fostruder H4 - Dual Drive Extruder	https://www.thingiverse.com/thing:2790949
ok	https://cdn.thingiverse.com/renders/87/90/9d/05/b3/c3f01bb881a3bc0014da9aa9ec661a39_display_large.jpg	CC0	Walter Hsiao	Fostruder K4 - Dual Drive Extruder	https://www.thingiverse.com/thing:2790946
ok	https://cdn.thingiverse.com/renders/5d/a3/40/f5/5f/72aeba3ec0838070fa82487fde5e8cba_display_large.jpg	CC0	Walter Hsiao	Fostruder K4 - Dual Drive Extruder	https://www.thingiverse.com/thing:2790946
ok	https://cdn.thingiverse.com/renders/e2/67/15/d8/0f/c3f01bb881a3bc0014da9aa9ec661a39_display_large.jpg	CC0	Walter Hsiao	Fostruder H4 - Dual Drive Extruder	https://www.thingiverse.com/thing:2790949
ok	https://cdn.thingiverse.com/renders/37/ff/a8/63/50/efc296835228f1a6787b9d2f4745e85a_display_large.jpg	CC0	Jaime Massana	Filament Sensor JG Aurora A5 for Bondtech Extrusor	https://www.thingiverse.com/thing:3316135
ok	https://cdn.thingiverse.com/renders/06/3a/fc/8e/9e/286ea4215d600f51d058173477c01e25_display_large.jpg	CC0	J.L. Martinez	Tronxy X3 TronRecognizer layer cooler and printer improve	https://www.thingiverse.com/thing:2890198
ok	https://cdn.thingiverse.com/renders/1f/e9/0e/d3/91/d23221b6a97659aaec12645aecfde6f7_display_large.jpg	CC0	Makefast Workshop	Ball Bearing with paused addition of BBs	https://www.thingiverse.com/thing:1782101
ok	https://cdn.thingiverse.com/renders/6c/2d/5a/1d/be/bd9c725c222530532adc5ba1c4f71684_display_large.jpg	CC0	Makefast Workshop	Ball Bearing with paused addition of BBs	https://www.thingiverse.com/thing:1782101
ok	https://cdn.thingiverse.com/renders/4d/9c/fc/a4/ac/MirrorRear_Mount_display_large.jpg	CC0	someone someone	AIRwolf 3D - Rear Mount Spool Holder	https://www.thingiverse.com/thing:1108585
ok	https://cdn.thingiverse.com/renders/e2/36/61/28/3f/Rear_Mount_display_large.jpg	CC0	someone someone	AIRwolf 3D - Rear Mount Spool Holder	https://www.thingiverse.com/thing:1108585
ok	https://cdn.thingiverse.com/renders/37/46/a1/de/85/774c26bb0d70ceada6ec934dfe4d49ed_display_large.jpg	CC0	Yogensha Maigo	WINSINN Upgrade MK8 Extruder Fix	https://www.thingiverse.com/thing:3529520
ok	https://cdn.thingiverse.com/renders/f7/79/8b/45/d4/a663dc768affae2a877d67ccd301bb6c_display_large.jpg	CC0	Yogensha Maigo	WINSINN Upgrade MK8 Extruder Fix	https://www.thingiverse.com/thing:3529520
ok	https://upload.wikimedia.org/wikipedia/commons/a/a8/Wanhao_Duplicator_4S_%28360%C2%B0_turntable_view%29_%2816032889293%29.jpg	CC BY	Creative Tools from Halmstad, Sweden	Wanhao Duplicator 4S (360° turntable view) (16032889293)	https://commons.wikimedia.org/w/index.php?curid=164767535
ok	https://upload.wikimedia.org/wikipedia/commons/2/2b/WanHao_Duplicator4S_Bild14_5184x2912_%2815655946498%29.jpg	CC BY	Creative Tools from Halmstad, Sweden	WanHao Duplicator4S Bild14 5184x2912 (15655946498)	https://commons.wikimedia.org/w/index.php?curid=164767508
ok	https://cdn.thingiverse.com/renders/ef/1a/29/1c/24/8c8893a95bdaa70efabe73636a7bd6bc_display_large.jpg	CC0	katsuhiko kikkawa	Customizable Anti-Warping Jig	https://www.thingiverse.com/thing:2121193
ok	https://cdn.thingiverse.com/renders/49/36/92/5d/53/50e8c668d53cab892fa446299536554a_display_large.jpg	CC0	Angel3D	PTFE FIlament and Cable Guide for CTC / FlashForge / Duplicator / Replicator - R	https://www.thingiverse.com/thing:2757799
ok	https://cdn.thingiverse.com/renders/55/cd/ab/9e/d0/Y_BELT_MOUNT_V3_display_large.jpg	CC0	Ted Victor	Supper Rapman	https://www.thingiverse.com/thing:36186
ok	https://cdn.thingiverse.com/renders/3b/66/7f/94/be/9MM_CUPLING_display_large.jpg	CC0	Ted Victor	Supper Rapman	https://www.thingiverse.com/thing:36186
ok	https://upload.wikimedia.org/wikipedia/commons/7/77/WanHao_Duplicator4S_Bild18_5184x2912_%2815656120090%29.jpg	CC BY	Creative Tools from Halmstad, Sweden	WanHao Duplicator4S Bild18 5184x2912 (15656120090)	https://commons.wikimedia.org/w/index.php?curid=164767531
ok	https://upload.wikimedia.org/wikipedia/commons/d/d0/WanHao_Duplicator4S_Bild20_5184x2912_%2815657701017%29.jpg	CC BY	Creative Tools from Halmstad, Sweden	WanHao Duplicator4S Bild20 5184x2912 (15657701017)	https://commons.wikimedia.org/w/index.php?curid=164767526
ok	https://cdn.thingiverse.com/renders/dc/2c/cf/1b/87/Bridge_display_large.jpg	CC0	Michael Sarrey	Banjiolin	https://www.thingiverse.com/thing:1165742
ok	https://live.staticflickr.com/8574/16425139528_efcd5aca90_b.jpg	CC BY	Creative Tools	Candy bowl v03	https://www.flickr.com/photos/33907867@N02/16425139528
ok	https://live.staticflickr.com/8652/16426523189_e6eba211a1_b.jpg	CC BY	Creative Tools	Stacking box v05 - Speed-related glossiness	https://www.flickr.com/photos/33907867@N02/16426523189
ok	https://live.staticflickr.com/8574/16586363146_b779c4b7e0_b.jpg	CC BY	Creative Tools	Stacking box v04 - Speed-related glossiness	https://www.flickr.com/photos/33907867@N02/16586363146
ok	https://live.staticflickr.com/8660/16426523399_7e43f4440b_b.jpg	CC BY	Creative Tools	Stacking box v03	https://www.flickr.com/photos/33907867@N02/16426523399
ok	https://live.staticflickr.com/8581/16611191561_ab387b0e2b_b.jpg	CC BY	Creative Tools	Candy bowl v02	https://www.flickr.com/photos/33907867@N02/16611191561
ok	https://live.staticflickr.com/8575/15990153464_23f92dc896_b.jpg	CC BY	Creative Tools	Stacking box v02	https://www.flickr.com/photos/33907867@N02/15990153464
ok	https://live.staticflickr.com/8652/16611191811_db5ef9078c_b.jpg	CC BY	Creative Tools	Candy bowl v01	https://www.flickr.com/photos/33907867@N02/16611191811
ok	https://live.staticflickr.com/8653/16405042067_feff56dc84_b.jpg	CC BY	Creative Tools	Stacking box v01	https://www.flickr.com/photos/33907867@N02/16405042067
ok	https://live.staticflickr.com/65535/48297469767_cb0371a2ec_b.jpg	CC BY	Top3DShop Inc	Nozzle prototype	https://www.flickr.com/photos/146658316@N02/48297469767
ok	https://cdn.thingiverse.com/renders/c9/6e/05/48/78/ffd2f1f2b6c989b2e827f2222ae684d3_display_large.jpg	CC0	Guilherme \xd3scar	Mini Ultimaker 3D Printer Model	https://www.thingiverse.com/thing:2114478
ok	https://upload.wikimedia.org/wikipedia/commons/c/c4/Candy_bowl_v02_%2816611191561%29.jpg	CC BY	Creative Tools from Halmstad, Sweden	Candy bowl v02 (16611191561)	https://commons.wikimedia.org/w/index.php?curid=164765103
ok	https://upload.wikimedia.org/wikipedia/commons/3/37/Stacking_box_v03_%2816426523399%29.jpg	CC BY	Creative Tools from Halmstad, Sweden	Stacking box v03 (16426523399)	https://commons.wikimedia.org/w/index.php?curid=164765060
ok	https://cdn.thingiverse.com/renders/a7/b9/02/8b/e2/034d34f1c61451733c42f7219060903a_display_large.jpg	CC0	Henk Diepeveen	Toilet Seat Toilet bril	https://www.thingiverse.com/thing:2154660
ok	https://cdn.thingiverse.com/renders/b3/38/5c/92/0b/ba139a0ef58f754974cb736af71e0264_display_large.jpg	CC0	Matthieu Chatry	Luance Store Clip	https://www.thingiverse.com/thing:3115764
ok	https://upload.wikimedia.org/wikipedia/commons/6/6a/Candy_bowl_v03_%2816425139528%29.jpg	CC BY	Creative Tools from Halmstad, Sweden	Candy bowl v03 (16425139528)	https://commons.wikimedia.org/w/index.php?curid=164765067
ok	https://upload.wikimedia.org/wikipedia/commons/2/2b/Stacking_box_v02_%2815990153464%29.jpg	CC BY	Creative Tools from Halmstad, Sweden	Stacking box v02 (15990153464)	https://commons.wikimedia.org/w/index.php?curid=164765059
ok	https://cdn.thingiverse.com/renders/40/8f/98/4e/ad/90df43942d77e7b7fa31f5b51c238a1d_display_large.jpg	CC0	Jon Galindo	Treasure Chest - Closes, 1 Print, No Assembly	https://www.thingiverse.com/thing:2970770
ok	https://upload.wikimedia.org/wikipedia/commons/e/e5/Stacking_box_v05_-_Speed-related_glossiness_%2816426523189%29.jpg	CC BY	Creative Tools from Halmstad, Sweden	Stacking box v05 - Speed-related glossiness (16426523189)	https://commons.wikimedia.org/w/index.php?curid=164765056
ok	https://upload.wikimedia.org/wikipedia/commons/3/32/Stacking_box_v01_%2816405042067%29.jpg	CC BY	Creative Tools from Halmstad, Sweden	Stacking box v01 (16405042067)	https://commons.wikimedia.org/w/index.php?curid=164765061
ok	https://upload.wikimedia.org/wikipedia/commons/2/20/Candy_bowl_v01_%2816611191811%29.jpg	CC BY	Creative Tools from Halmstad, Sweden	Candy bowl v01 (16611191811)	https://commons.wikimedia.org/w/index.php?curid=164765066
ok	https://cdn.thingiverse.com/renders/76/fd/04/29/b5/064f2412095c09beab2095ccd26ede44_display_large.jpg	CC0	Matthieu Chatry	Luance Store Clip	https://www.thingiverse.com/thing:3115764
ok	https://upload.wikimedia.org/wikipedia/commons/c/ca/Stacking_box_v04_-_Speed-related_glossiness_%2816586363146%29.jpg	CC BY	Creative Tools from Halmstad, Sweden	Stacking box v04 - Speed-related glossiness (16586363146)	https://commons.wikimedia.org/w/index.php?curid=164765053
ok	https://live.staticflickr.com/8540/29577315510_264134e2d6_b.jpg	CC BY	Creative Tools	MakerBot-Replicator-Plus-Pic04	https://www.flickr.com/photos/33907867@N02/29577315510
ok	https://live.staticflickr.com/5633/29835821836_c3400d1dbc_b.jpg	CC BY	Creative Tools	MakerBot-Replicator-Plus-Pic01	https://www.flickr.com/photos/33907867@N02/29835821836
ok	https://live.staticflickr.com/8357/29787887651_dc77ac107d_b.jpg	CC BY	Creative Tools	MakerBot-Replicator-Plus-Pic10	https://www.flickr.com/photos/33907867@N02/29787887651
ok	https://live.staticflickr.com/5576/29787887061_85eb36ff03_b.jpg	CC BY	Creative Tools	MakerBot-Replicator-Plus-Pic05	https://www.flickr.com/photos/33907867@N02/29787887061
ok	https://live.staticflickr.com/8037/29870826085_4e97bc9be7_b.jpg	CC BY	Creative Tools	MakerBot-Replicator-Plus-Pic03	https://www.flickr.com/photos/33907867@N02/29870826085
ok	https://live.staticflickr.com/3824/12120058874_1001e0b34e_b.jpg	CC BY	Creative Tools	Palett knife	https://www.flickr.com/photos/33907867@N02/12120058874
ok	https://live.staticflickr.com/5548/12120059584_02d1632215_b.jpg	CC BY	Creative Tools	Mobile phone stand	https://www.flickr.com/photos/33907867@N02/12120059584
ok	https://live.staticflickr.com/8134/29244335703_6440f2c723_b.jpg	CC BY	Creative Tools	MakerBot-Replicator-Plus-Pic08	https://www.flickr.com/photos/33907867@N02/29244335703
ok	https://live.staticflickr.com/8320/29835820336_917dc91b62_b.jpg	CC BY	Creative Tools	MakerBot-Replicator-Plus-Pic09	https://www.flickr.com/photos/33907867@N02/29835820336
ok	https://live.staticflickr.com/8228/29244335873_1b63171275_b.jpg	CC BY	Creative Tools	MakerBot-Replicator-Plus-Pic06	https://www.flickr.com/photos/33907867@N02/29244335873
ok	https://live.staticflickr.com/8498/29835820646_5c42513236_b.jpg	CC BY	Creative Tools	MakerBot-Replicator-Plus-Pic07	https://www.flickr.com/photos/33907867@N02/29835820646
ok	https://upload.wikimedia.org/wikipedia/commons/1/1c/DG_%E6%9D%B1%E8%8E%9E_DongGuan_%E5%8D%97%E5%9F%8E%E5%8D%80_Nancheng_%E9%B4%BB%E7%A6%8F%E8%B7%AF_HongFu_Road_%E6%9D%B1%E8%8E%9E%E4%BA%AC%E6%9D%B1%E5%95%86%E5%A0%B4_JD_Mall_Electronics_Showroom_3D_printers_December_2024_R12S_06_%28cropped%29.jpg	CC0	NAS 238 WMMNO	DG 東莞 DongGuan 南城區 Nancheng 鴻福路 HongFu Road 東莞京東商場 JD Mall Electronics Showroom 	https://commons.wikimedia.org/w/index.php?curid=165539879
ok	https://live.staticflickr.com/726/21918840595_2d35a2f3d5.jpg	CC BY	#3DBenchy	3DBenchy	https://www.flickr.com/photos/132390309@N03/21918840595
ok	https://upload.wikimedia.org/wikipedia/commons/2/23/MakerBot-Replicator-Plus-Pic04_%2829577315510%29_%28cropped%29.jpg?utm_source=commons.wikimedia.org&utm_campaign=imageinfo&utm_content=original	CC BY	Creative Tools from Halmstad, Sweden	MakerBot-Replicator-Plus-Pic04 (29577315510) (cropped)	https://commons.wikimedia.org/w/index.php?curid=191087241
ok	https://live.staticflickr.com/4794/25756314687_17d8687005_b.jpg	CC BY	TafThorne	Alien Pen Pot Uncleaned	https://www.flickr.com/photos/44978170@N06/25756314687
ok	https://live.staticflickr.com/4758/40626857331_ae76f792bc_b.jpg	CC BY	TafThorne	Alien Pen Pot	https://www.flickr.com/photos/44978170@N06/40626857331
ok	https://live.staticflickr.com/4757/40626860601_6f6ca8dd53_b.jpg	CC BY	TafThorne	Alien Pen Pot in The Vector 3	https://www.flickr.com/photos/44978170@N06/40626860601
ok	https://live.staticflickr.com/4799/40585126552_91b8063b5a_b.jpg	CC BY	TafThorne	Alien Pencil Pot Side	https://www.flickr.com/photos/44978170@N06/40585126552
ok	https://live.staticflickr.com/4621/40626858641_2b5693dd82_b.jpg	CC BY	TafThorne	Alien Pen Pot Uncleaned	https://www.flickr.com/photos/44978170@N06/40626858641
ok	https://live.staticflickr.com/4746/39916661924_57938d8d55_b.jpg	CC BY	TafThorne	Alien Pen Pot with Pens	https://www.flickr.com/photos/44978170@N06/39916661924
ok	https://live.staticflickr.com/4652/25756313747_9953ace58e_b.jpg	CC BY	TafThorne	Alien Pen Pot	https://www.flickr.com/photos/44978170@N06/25756313747
ok	https://live.staticflickr.com/4620/39916661984_485f7fbd1a_b.jpg	CC BY	TafThorne	Alien Pencil Pot Front	https://www.flickr.com/photos/44978170@N06/39916661984
ok	https://live.staticflickr.com/4714/25756315767_3ff8df368b_b.jpg	CC BY	TafThorne	Alien Pen Pot Uncleaned	https://www.flickr.com/photos/44978170@N06/25756315767
ok	https://live.staticflickr.com/4621/40626856681_46b6a83bbc_b.jpg	CC BY	TafThorne	Alien Pen Pot	https://www.flickr.com/photos/44978170@N06/40626856681
ok	https://live.staticflickr.com/4744/25756316697_a956db0907_b.jpg	CC BY	TafThorne	Alien Pen Pot with Pens	https://www.flickr.com/photos/44978170@N06/25756316697
ok	https://live.staticflickr.com/4698/25756314177_fc9ac8b0d0_b.jpg	CC BY	TafThorne	Alien Pen Pot	https://www.flickr.com/photos/44978170@N06/25756314177
ok	https://cdn.thingiverse.com/renders/86/fa/b4/76/c4/bc54a5fa3b2accbc6f1fa91c9775da26_display_large.jpg	CC0	Mike Sacchetta	Old World Trade Center Complex After Destruction	https://www.thingiverse.com/thing:1864513
ok	https://upload.wikimedia.org/wikipedia/commons/7/71/3D-printable_sand_play_set_-_by_Creative-Tools.com_v4_%2818760742864%29.jpg	CC BY	Creative Tools from Halmstad, Sweden	3D-printable sand play set - by Creative-Tools.com v4 (18760742864)	https://commons.wikimedia.org/w/index.php?curid=164765094
ok	https://upload.wikimedia.org/wikipedia/commons/5/5a/3D-printable_sand_play_set_-_by_Creative-Tools.com_v5_%2819195648370%29.jpg	CC BY	Creative Tools from Halmstad, Sweden	3D-printable sand play set - by Creative-Tools.com v5 (19195648370)	https://commons.wikimedia.org/w/index.php?curid=164765093
ok	https://upload.wikimedia.org/wikipedia/commons/e/e4/3D-printable_sand_play_set_-_by_Creative-Tools.com_v2_%2819195690768%29.jpg	CC BY	Creative Tools from Halmstad, Sweden	3D-printable sand play set - by Creative-Tools.com v2 (19195690768)	https://commons.wikimedia.org/w/index.php?curid=164765099
ok	https://upload.wikimedia.org/wikipedia/commons/d/d0/3D-printable_sand_play_set_-_by_Creative-Tools.com_v3_%2819195646500%29.jpg	CC BY	Creative Tools from Halmstad, Sweden	3D-printable sand play set - by Creative-Tools.com v3 (19195646500)	https://commons.wikimedia.org/w/index.php?curid=164765100
ok	https://upload.wikimedia.org/wikipedia/commons/d/d2/3D-printable_sand_play_set_-_by_Creative-Tools.com_v1_%2819357198546%29.jpg	CC BY	Creative Tools from Halmstad, Sweden	3D-printable sand play set - by Creative-Tools.com v1 (19357198546)	https://commons.wikimedia.org/w/index.php?curid=164765097
ok	https://cdn.thingiverse.com/renders/4d/40/b7/22/23/7b62dfe39e94e61584a93da27d085074_display_large.jpg	CC0	Adam	Tevo Little Monster Delta - Detailed Build Walkthrough	https://www.thingiverse.com/thing:2721502
ok	https://cdn.thingiverse.com/renders/e1/63/49/41/26/1eb70daa09b39a217d65c47088e80a6d_display_large.jpg	CC0	Christopher MacBrian	Death Star Surface Tile 01F	https://www.thingiverse.com/thing:2828207
ok	https://upload.wikimedia.org/wikipedia/commons/b/b9/MakerBot-Replicator-Plus-Pic08_%2829244335703%29.jpg	CC BY	Creative Tools from Halmstad, Sweden	MakerBot-Replicator-Plus-Pic08 (29244335703)	https://commons.wikimedia.org/w/index.php?curid=164767300
ok	https://cdn.thingiverse.com/renders/bf/a8/ac/29/63/f3bfe2f4706fc7ae4d9f4db76112b31a_display_large.jpg	CC0	Julia Sörensen	Bill Cipher Figurine	https://www.thingiverse.com/thing:2595367
ok	https://cdn.thingiverse.com/renders/5a/77/c6/e8/96/85ccee6dda436553a490c812095d9c84_display_large.jpg	CC0	Julia Sörensen	Bill Cipher Figurine	https://www.thingiverse.com/thing:2595367
ok	https://cdn.thingiverse.com/renders/f7/d1/b3/4b/9b/3f85020142697c7456c1af7f7e85e845_display_large.jpg	CC0	Christopher MacBrian	Death Star Surface Tile 01H - Thermal Exhaust Port	https://www.thingiverse.com/thing:2829032
ok	https://cdn.thingiverse.com/renders/31/06/50/f4/52/d1f3992b79dc0d433a1de61ce6335558_display_large.jpg	CC0	Julia Sörensen	Bill Cipher Figurine	https://www.thingiverse.com/thing:2595367
ok	https://upload.wikimedia.org/wikipedia/commons/c/cd/MakerBot-Replicator-Plus-Pic06_%2829244335873%29.jpg	CC BY	Creative Tools from Halmstad, Sweden	MakerBot-Replicator-Plus-Pic06 (29244335873)	https://commons.wikimedia.org/w/index.php?curid=164767299
ok	https://upload.wikimedia.org/wikipedia/commons/e/ec/MakerBot-Replicator-Plus-Pic05_%2829787887061%29.jpg	CC BY	Creative Tools from Halmstad, Sweden	MakerBot-Replicator-Plus-Pic05 (29787887061)	https://commons.wikimedia.org/w/index.php?curid=164767301
ok	https://cdn.thingiverse.com/renders/15/ad/12/ff/fd/82edc35cad514cc9186d01bc576f8113_display_large.jpg	CC0	Julia Sörensen	Bill Cipher Figurine	https://www.thingiverse.com/thing:2595367
ok	https://cdn.thingiverse.com/renders/d9/7a/ca/3c/33/6e15e25d3a8f3a0cd04be1f1b74e3ee0_display_large.jpg	CC0	Walter Hsiao	Tiko Air Hose Clip	https://www.thingiverse.com/thing:2055700
ok	https://cdn.thingiverse.com/renders/75/49/da/e5/6c/c47c20e49e346b891dea655ce18c65e2_display_large.jpg	CC0	Julia Sörensen	Bill Cipher Figurine	https://www.thingiverse.com/thing:2595367
ok	https://upload.wikimedia.org/wikipedia/commons/9/91/MakerBot-Replicator-Plus-Pic07_%2829835820646%29.jpg	CC BY	Creative Tools from Halmstad, Sweden	MakerBot-Replicator-Plus-Pic07 (29835820646)	https://commons.wikimedia.org/w/index.php?curid=164767305
ok	https://upload.wikimedia.org/wikipedia/commons/4/49/MakerBot-Replicator-Plus-Pic09_%2829835820336%29.jpg	CC BY	Creative Tools from Halmstad, Sweden	MakerBot-Replicator-Plus-Pic09 (29835820336)	https://commons.wikimedia.org/w/index.php?curid=164767309
ok	https://cdn.thingiverse.com/renders/3c/5a/68/fd/c4/ab79596fe95e4241f2678b225f8d8a7c_display_large.jpg	CC0	Julia Sörensen	Bill Cipher Figurine	https://www.thingiverse.com/thing:2595367
ok	https://cdn.thingiverse.com/renders/e0/ad/ec/90/52/212e213441b9333e6da1c75e47de79bb_display_large.jpg	CC0	Mike Syfritt	Creality Ender3 and Cr-10 bed level test	https://www.thingiverse.com/thing:3741129
ok	https://upload.wikimedia.org/wikipedia/commons/9/94/MakerBot-Replicator-Plus-Pic10_%2829787887651%29.jpg	CC BY	Creative Tools from Halmstad, Sweden	MakerBot-Replicator-Plus-Pic10 (29787887651)	https://commons.wikimedia.org/w/index.php?curid=164767294
ok	https://cdn.thingiverse.com/renders/82/b3/a1/03/95/6694dbb6e939f267a36b182d4addfdf5_display_large.jpg	CC0	Christopher MacBrian	Death Star Surface Tile 01D	https://www.thingiverse.com/thing:2828167
ok	https://cdn.thingiverse.com/renders/f2/4d/13/4c/cc/18756663e0c3f9a8c63fe9cb8acde113_display_large.jpg	CC0	Julia Sörensen	Bill Cipher Figurine	https://www.thingiverse.com/thing:2595367
ok	https://upload.wikimedia.org/wikipedia/commons/b/b9/MakerBot-Replicator-Plus-Pic03_%2829870826085%29.jpg	CC BY	Creative Tools from Halmstad, Sweden	MakerBot-Replicator-Plus-Pic03 (29870826085)	https://commons.wikimedia.org/w/index.php?curid=164767291
ok	https://upload.wikimedia.org/wikipedia/commons/9/93/MakerBot-Replicator-Plus-Pic01_%2829835821836%29.jpg	CC BY	Creative Tools from Halmstad, Sweden	MakerBot-Replicator-Plus-Pic01 (29835821836)	https://commons.wikimedia.org/w/index.php?curid=164767290
ok	https://cdn.thingiverse.com/renders/63/36/d3/65/1a/bcd3bba04d6502451f32a52ed7dc656b_display_large.jpg	CC0	Julia Sörensen	Bill Cipher Figurine	https://www.thingiverse.com/thing:2595367
ok	https://upload.wikimedia.org/wikipedia/commons/9/97/MakerBot-Replicator-Plus-Pic02_%2829787887411%29.jpg	CC BY	Creative Tools from Halmstad, Sweden	MakerBot-Replicator-Plus-Pic02 (29787887411)	https://commons.wikimedia.org/w/index.php?curid=164767288
ok	https://upload.wikimedia.org/wikipedia/commons/0/01/MakerBot-Replicator-Plus-Pic04_%2829577315510%29.jpg	CC BY	Creative Tools from Halmstad, Sweden	MakerBot-Replicator-Plus-Pic04 (29577315510)	https://commons.wikimedia.org/w/index.php?curid=164767293
ok	https://cdn.thingiverse.com/renders/e5/52/fa/c6/ef/Before_Monochromatic_FIXED_display_large.jpg	CC0	Mike Sacchetta	Old World Trade Center Site (WTC)	https://www.thingiverse.com/thing:693972
ok	https://live.staticflickr.com/77/188262046_6e87e9ca88.jpg	CC BY	feesta	3d printer	https://www.flickr.com/photos/45527691@N00/188262046
ok	https://live.staticflickr.com/8284/7800825670_547f71410f_b.jpg	CC BY	Creative Tools	MakerBot Replicator - 3D-printed - Wacom Stylus stand v01	https://www.flickr.com/photos/33907867@N02/7800825670
ok	https://live.staticflickr.com/8314/8022568202_4991dc8039_b.jpg	CC BY	Creative Tools	MakerBot Replicator 100 microns (0.1 mm) layer height	https://www.flickr.com/photos/33907867@N02/8022568202
ok	https://live.staticflickr.com/8430/7800825988_ce1e4ed805_b.jpg	CC BY	Creative Tools	MakerBot Replicator - 3D-printed - Wacom Stylus stand v03	https://www.flickr.com/photos/33907867@N02/7800825988
ok	https://live.staticflickr.com/6118/6354712617_3f07efa942_b.jpg	CC BY	Creative Tools	MakerBot Thing-O-Matic - Support material test	https://www.flickr.com/photos/33907867@N02/6354712617
ok	https://live.staticflickr.com/8448/7800825832_cdfb42f5bf_b.jpg	CC BY	Creative Tools	MakerBot Replicator - 3D-printed - Wacom Stylus stand v02	https://www.flickr.com/photos/33907867@N02/7800825832
ok	https://live.staticflickr.com/8433/7726078530_590858b3ef_b.jpg	CC BY	Creative Tools	MakerBot Replicator 3D printed scull	https://www.flickr.com/photos/33907867@N02/7726078530
ok	https://live.staticflickr.com/8281/7643056620_631b8ebf04_b.jpg	CC BY	Creative Tools	fabbster 3D print of Duck Billed Platyhook	https://www.flickr.com/photos/33907867@N02/7643056620
ok	https://live.staticflickr.com/6113/6353135617_4fa2ee2758_b.jpg	CC BY	Creative Tools	MakerBot Thing-O-Matic - Support material test	https://www.flickr.com/photos/33907867@N02/6353135617
ok	https://live.staticflickr.com/6116/6353249175_cb2aa06a75_b.jpg	CC BY	Creative Tools	MakerBot Thing-O-Matic - Support material test	https://www.flickr.com/photos/33907867@N02/6353249175
ok	https://live.staticflickr.com/8740/16798825810_5ab475086c_b.jpg	CC0	Ke7dbx	First two prints	https://www.flickr.com/photos/62735724@N02/16798825810
ok	https://live.staticflickr.com/65535/48297492312_5c529a2f01_b.jpg	CC BY	Top3DShop Inc	3D printed musician figurines	https://www.flickr.com/photos/146658316@N02/48297492312
ok	https://live.staticflickr.com/65535/48297377461_0a3ef7993c_b.jpg	CC BY	Top3DShop Inc	3D printed musician figurines	https://www.flickr.com/photos/146658316@N02/48297377461
ok	https://live.staticflickr.com/65535/48297492167_06453509b4_b.jpg	CC BY	Top3DShop Inc	3D printed musician figurines	https://www.flickr.com/photos/146658316@N02/48297492167
ok	https://live.staticflickr.com/65535/48297377551_14dc2beb0b_b.jpg	CC BY	Top3DShop Inc	3D printed musician figurines	https://www.flickr.com/photos/146658316@N02/48297377551
ok	https://live.staticflickr.com/65535/48297377401_7d2d6b152e_b.jpg	CC BY	Top3DShop Inc	3D printed musician figurines	https://www.flickr.com/photos/146658316@N02/48297377401
ok	https://live.staticflickr.com/65535/48297377321_184801dbec_b.jpg	CC BY	Top3DShop Inc	3D printed musician figurines	https://www.flickr.com/photos/146658316@N02/48297377321
ok	https://cdn.thingiverse.com/renders/fc/a3/df/b9/32/7cca5680d83e72c9261ce00c72c68df2_display_large.jpg	CC0	soner aydın	ızmo blu	https://www.thingiverse.com/thing:3777950
ok	https://cdn.thingiverse.com/renders/03/cb/0e/6c/19/73429f5970fd5f9e15116580191c96dc_display_large.jpg	CC0	soner aydın	ızmo blu	https://www.thingiverse.com/thing:3777950
ok	https://cdn.thingiverse.com/renders/d0/2b/fb/1f/d2/a93d581d827ccd6ba29efedb2809bc4c_display_large.jpg	CC0	soner aydın	ızmo blu	https://www.thingiverse.com/thing:3777950
ok	https://cdn.thingiverse.com/renders/03/a1/53/b6/8c/b14ef7fa77df946bbcc1393572e1df04_display_large.jpg	CC0	soner aydın	ızmo blu	https://www.thingiverse.com/thing:3777950
ok	https://cdn.thingiverse.com/renders/21/e9/f5/f5/d7/74d26ae797c8c962c19ae4a3bc08134e_display_large.jpg	CC0	soner aydın	ızmo blu	https://www.thingiverse.com/thing:3777950
ok	https://cdn.thingiverse.com/renders/89/ed/c0/b9/4b/f67b0b9b403e3258641306a5b22a0edd_display_large.jpg	CC0	soner aydın	ızmo blu	https://www.thingiverse.com/thing:3777950
ok	https://cdn.thingiverse.com/renders/b1/ae/70/b0/23/48f2fe0c9c2767e98f2068bc19005ac4_display_large.jpg	CC0	soner aydın	ızmo blu	https://www.thingiverse.com/thing:3777950
ok	https://cdn.thingiverse.com/renders/81/dd/e8/a6/d0/b2d32d5566cfdca4433a9585a58d58c9_display_large.jpg	CC0	soner aydın	ızmo blu	https://www.thingiverse.com/thing:3777950
ok	https://cdn.thingiverse.com/renders/65/3a/7e/6f/3f/8ffb2cc3f2afd9cac344bdf5ef30dddd_display_large.jpg	CC0	soner aydın	ızmo blu	https://www.thingiverse.com/thing:3777950
ok	https://cdn.thingiverse.com/renders/b6/fc/fd/8f/3a/aed34e911f44570ccb06b7c375e523e0_display_large.jpg	CC0	soner aydın	ızmo blu	https://www.thingiverse.com/thing:3777950
ok	https://cdn.thingiverse.com/renders/af/40/28/be/5a/47df53193c9710ebe16d471473686182_display_large.jpg	CC0	soner aydın	ızmo blu	https://www.thingiverse.com/thing:3777950
ok	https://cdn.thingiverse.com/renders/e8/0d/2d/d9/45/f066dde0f9461f8356fb30432bd1fbcf_display_large.jpg	CC0	soner aydın	ızmo blu	https://www.thingiverse.com/thing:3777950
ok	https://cdn.thingiverse.com/renders/54/c8/06/9c/28/6fb22227e53ae24446f73d99c105b99e_display_large.jpg	CC0	soner aydın	ızmo blu	https://www.thingiverse.com/thing:3777950
ok	https://cdn.thingiverse.com/renders/cd/59/e3/ee/71/1a7c9648f4a79d4e25edeaca4f00840e_display_large.jpg	CC0	soner aydın	ızmo blu	https://www.thingiverse.com/thing:3777950
ok	https://cdn.thingiverse.com/renders/fe/56/e5/1f/06/b4f4f79d0e11f94fe49e977b7399917c_display_large.jpg	CC0	soner aydın	ızmo blu	https://www.thingiverse.com/thing:3777950
ok	https://cdn.thingiverse.com/renders/46/8d/75/60/13/e047a2d08298b0f554b560fa673a6c18_display_large.jpg	CC0	bendansie	Serpentine Merchant - Multiple Pieces	https://www.thingiverse.com/thing:3173128
ok	https://cdn.thingiverse.com/renders/79/f5/bb/b8/dc/abc4ef4f10b4ea4d17de44fe8018621a_display_large.jpg	CC0	bendansie	Serpentine Merchant - Multiple Pieces	https://www.thingiverse.com/thing:3173128
ok	https://cdn.thingiverse.com/renders/18/d5/a9/d1/84/6f8c7de90347be9785adf8d240716da7_display_large.jpg	CC0	bendansie	Serpentine Merchant	https://www.thingiverse.com/thing:3154285
ok	https://cdn.thingiverse.com/renders/91/fd/5a/47/e5/a66bce5be4beb10d3c3cf30049aa7663_display_large.jpg	CC0	Alexander Thomas	Mini transparent printing test cube with embedded sphere	https://www.thingiverse.com/thing:2378554
ok	https://cdn.thingiverse.com/renders/29/87/ad/2c/e9/4812cb6e90b88ea231c01776c5ab41b4_display_large.jpg	CC0	Alexander Thomas	Mini transparent printing test cube with embedded sphere	https://www.thingiverse.com/thing:2378554
ok	https://cdn.thingiverse.com/renders/d6/74/85/d7/97/58a4799f4b67c0d4604d881cda77cb5b_display_large.jpg	CC0	François Polito	Parametric trolley token generator	https://www.thingiverse.com/thing:3586719
ok	https://cdn.thingiverse.com/renders/21/90/ba/56/09/ab20e7c2bee904fe78b80c55b056dde8_display_large.jpg	CC0	bendansie	Treasure Hunters - MultiPart	https://www.thingiverse.com/thing:2975252
ok	https://cdn.thingiverse.com/renders/11/04/0c/57/ad/e808f5413e7529c9fe2c08a210bcfc19_display_large.jpg	CC0	Tony Short	Sputnik1 / \u0421\u043f\u0443\u0442\u043d\u0438\u043a-1	https://www.thingiverse.com/thing:2569031
ok	https://upload.wikimedia.org/wikipedia/commons/8/8c/Fdm-160maxs-3d-printer.jpg	CC0	Designroots 3D	Fdm-160maxs-3d-printer	https://commons.wikimedia.org/w/index.php?curid=188622274
ok	https://cdn.thingiverse.com/renders/4f/a4/a0/bf/25/8c828bf9892b77aed395ab743f27eecd_display_large.jpg	CC0	bendansie	The Bearded Yell	https://www.thingiverse.com/thing:1376314
ok	https://cdn.thingiverse.com/renders/6d/56/61/ce/c3/6b12a37fbd60bf0879c11c21e9432772_display_large.jpg	CC0	bendansie	Treasure Hunters - MultiPart	https://www.thingiverse.com/thing:2975252
ok	https://cdn.thingiverse.com/renders/af/6a/39/4a/a3/f18790d391b67ab3de8a41a93ccadefb_display_large.jpg	CC0	bendansie	Treasure Hunters - MultiPart	https://www.thingiverse.com/thing:2975252
ok	https://cdn.thingiverse.com/renders/13/d3/db/42/83/4df44d7104a761ff9a1f0a362a2c8370_display_large.jpg	CC0	bendansie	Treasure Hunters - MultiPart	https://www.thingiverse.com/thing:2975252
ok	https://cdn.thingiverse.com/renders/35/f5/d6/99/f3/5baf0add09bee8cf9de9e4f3e2387f8c_display_large.jpg	CC0	pipo popo	Torture Rack	https://www.thingiverse.com/thing:3657953
ok	https://cdn.thingiverse.com/renders/7a/22/d9/3b/a2/eabdcad1d075eef86798a1147e5d2567_display_large.jpg	CC0	bendansie	Treasure Hunters - MultiPart	https://www.thingiverse.com/thing:2975252
ok	https://cdn.thingiverse.com/renders/bf/8d/f0/ae/fe/6e88c4d0b43460ca8e3b88c9ad38bd37_display_large.jpg	CC0	bendansie	Treasure Hunters - MultiPart	https://www.thingiverse.com/thing:2975252
ok	https://cdn.thingiverse.com/renders/3b/55/06/6e/03/31ba4a851a3cd6ecdcf883bde70173a4_display_large.jpg	CC0	bendansie	The Bearded Yell	https://www.thingiverse.com/thing:1376314
ok	https://cdn.thingiverse.com/renders/15/28/cc/9f/cf/8cf5a0dfa1994f6db4041ed915f8f07d_display_large.jpg	CC0	bendansie	The Bearded Yell	https://www.thingiverse.com/thing:1376314
ok	https://cdn.thingiverse.com/renders/a2/2d/fe/f7/79/b937ea4959f5616445898dfd6cbbc484_display_large.jpg	CC0	bendansie	The Bearded Yell	https://www.thingiverse.com/thing:1376314
ok	https://cdn.thingiverse.com/renders/3c/82/77/c7/8a/bcd565628af798ed354420a9bd136b2c_display_large.jpg	CC0	Tony Short	Sputnik1 / \u0421\u043f\u0443\u0442\u043d\u0438\u043a-1	https://www.thingiverse.com/thing:2569031
ok	https://cdn.thingiverse.com/renders/d1/94/9e/fd/4b/3f18062f2a1ee490147b8c180d7b6d4d_display_large.jpg	CC0	bendansie	Treasure Hunters - MultiPart	https://www.thingiverse.com/thing:2975252
ok	https://cdn.thingiverse.com/renders/3d/77/6a/cd/62/dd5a998b736bc2915936cd50013370a1_display_large.jpg	CC0	Tony Short	Sputnik1 / \u0421\u043f\u0443\u0442\u043d\u0438\u043a-1	https://www.thingiverse.com/thing:2569031
ok	https://upload.wikimedia.org/wikipedia/commons/2/25/02_-_MakerBot_Replicator_-_3D_print_close-up_video_%286943532796%29.jpg	CC BY	Creative Tools from Halmstad, Sweden	02 - MakerBot Replicator - 3D print close-up video (6943532796)	https://commons.wikimedia.org/w/index.php?curid=164201935
ok	https://cdn.thingiverse.com/renders/ed/d9/8e/02/f2/519ea9b5cfb23ee0a2796e4df7e6a3e7_display_large.jpg	CC0	Tony Short	Sputnik1 / \u0421\u043f\u0443\u0442\u043d\u0438\u043a-1	https://www.thingiverse.com/thing:2569031
ok	https://cdn.thingiverse.com/renders/02/5e/69/c9/9e/7f572cc7219ecd4f100c2bfb87c839bc_display_large.jpg	CC0	bendansie	Treasure Hunters - MultiPart	https://www.thingiverse.com/thing:2975252
ok	https://live.staticflickr.com/4004/4586424908_5beccbe9e1_b.jpg	CC BY	ProtoSpace	RepRap printed products	https://www.flickr.com/photos/28132899@N07/4586424908
ok	https://live.staticflickr.com/4048/4586432966_f85e44ed8e_b.jpg	CC BY	ProtoSpace	RepRap printed products	https://www.flickr.com/photos/28132899@N07/4586432966
ok	https://live.staticflickr.com/4029/4585803397_be30bd4e6c_b.jpg	CC BY	ProtoSpace	RepRap printed products	https://www.flickr.com/photos/28132899@N07/4585803397
ok	https://live.staticflickr.com/4022/4585806127_8eb635a981_b.jpg	CC BY	ProtoSpace	RepRap printed products	https://www.flickr.com/photos/28132899@N07/4585806127
ok	https://live.staticflickr.com/4052/4585805213_32d7945819_b.jpg	CC BY	ProtoSpace	RepRap printed products	https://www.flickr.com/photos/28132899@N07/4585805213
ok	https://live.staticflickr.com/4035/4585802477_8f47822da1_b.jpg	CC BY	ProtoSpace	RepRap printed products	https://www.flickr.com/photos/28132899@N07/4585802477
ok	https://live.staticflickr.com/4011/4585800765_4c132ba9b9_b.jpg	CC BY	ProtoSpace	RepRap printed products	https://www.flickr.com/photos/28132899@N07/4585800765
ok	https://live.staticflickr.com/4064/4585798817_d2f2262744_b.jpg	CC BY	ProtoSpace	RepRap printed products	https://www.flickr.com/photos/28132899@N07/4585798817
ok	https://live.staticflickr.com/4010/4585797353_b48a55e7d9_b.jpg	CC BY	ProtoSpace	RepRap printed products	https://www.flickr.com/photos/28132899@N07/4585797353
ok	https://live.staticflickr.com/4024/4585798111_095482a42b_b.jpg	CC BY	ProtoSpace	RepRap printed products	https://www.flickr.com/photos/28132899@N07/4585798111
ok	https://live.staticflickr.com/4033/4586426644_326686d5db_b.jpg	CC BY	ProtoSpace	RepRap printed products	https://www.flickr.com/photos/28132899@N07/4586426644
ok	https://live.staticflickr.com/4057/4586414166_a64f87929d_b.jpg	CC BY	ProtoSpace	RepRap printed products	https://www.flickr.com/photos/28132899@N07/4586414166
ok	https://live.staticflickr.com/3316/4585789497_2421de8107_b.jpg	CC BY	ProtoSpace	RepRap printed products	https://www.flickr.com/photos/28132899@N07/4585789497
ok	https://live.staticflickr.com/4055/4586420952_1f19c580d8_b.jpg	CC BY	ProtoSpace	RepRap printed products	https://www.flickr.com/photos/28132899@N07/4586420952
ok	https://live.staticflickr.com/4034/4586417276_24899b1566_b.jpg	CC BY	ProtoSpace	RepRap printed products	https://www.flickr.com/photos/28132899@N07/4586417276
ok	https://live.staticflickr.com/4012/4585793465_e76db374d1_b.jpg	CC BY	ProtoSpace	RepRap printed products	https://www.flickr.com/photos/28132899@N07/4585793465
ok	https://live.staticflickr.com/4018/4586418004_25990f8e1d_b.jpg	CC BY	ProtoSpace	RepRap printed products	https://www.flickr.com/photos/28132899@N07/4586418004
ok	https://live.staticflickr.com/4052/4393427418_52c7c58b79_b.jpg	CC BY	ben_osteen	The RepRap printed sandal	https://www.flickr.com/photos/23269701@N02/4393427418
ok	https://live.staticflickr.com/4037/4586416520_e827a2f202_b.jpg	CC BY	ProtoSpace	RepRap printed products	https://www.flickr.com/photos/28132899@N07/4586416520
ok	https://live.staticflickr.com/4071/4586419516_d95a43cd19_b.jpg	CC BY	ProtoSpace	RepRap printed products	https://www.flickr.com/photos/28132899@N07/4586419516
ok	https://live.staticflickr.com/2547/3674008207_5dc98cba33_b.jpg	CC BY	ProtoSpace	RepRap printing with skeinforge software	https://www.flickr.com/photos/28132899@N07/3674008207
ok	https://live.staticflickr.com/2583/3663272687_a5c13f824d.jpg	CC BY	ProtoSpace	A RepRap printed mounting bracket	https://www.flickr.com/photos/28132899@N07/3663272687
ok	https://live.staticflickr.com/3331/3664075148_0abf124121.jpg	CC BY	ProtoSpace	A RepRap printed mounting bracket	https://www.flickr.com/photos/28132899@N07/3664075148
ok	https://upload.wikimedia.org/wikipedia/commons/a/ad/RepRap_printing_closeup.jpg	CC BY	Emmanuel Gilloz	RepRap printing closeup	https://commons.wikimedia.org/w/index.php?curid=82595507
ok	https://upload.wikimedia.org/wikipedia/commons/0/01/The_RepRap_printed_sandal.jpg	CC BY	ben_onthemove	The RepRap printed sandal	https://commons.wikimedia.org/w/index.php?curid=18225908
ok	https://upload.wikimedia.org/wikipedia/commons/f/f8/RepRap_printed_products.jpg	CC BY	ProtoSpace	RepRap printed products	https://commons.wikimedia.org/w/index.php?curid=18225812
ok	https://live.staticflickr.com/7304/9187890738_7310e29ffd_b.jpg	CC BY	Euphy	Z-axis overheating and skipping rows	https://www.flickr.com/photos/15591303@N00/9187890738
ok	https://live.staticflickr.com/7089/7395640386_a389bc67d1_b.jpg	CC BY	flughafen	fail	https://www.flickr.com/photos/48127815@N03/7395640386
ok	https://live.staticflickr.com/3762/9463376869_22cedc64eb_b.jpg	CC BY	Creative Tools	OctoPrint - 3D print server on Raspberry Pi - Screenshot v02.png	https://www.flickr.com/photos/33907867@N02/9463376869
ok	https://live.staticflickr.com/2823/12908439193_fea75a5b61_b.jpg	CC BY	jabella	How much can you print with 750g of PLA? This much	https://www.flickr.com/photos/31954184@N00/12908439193
ok	https://live.staticflickr.com/1351/1029947513_e8092089a1_b.jpg	CC BY	jurvetson	RepRap	https://www.flickr.com/photos/44124348109@N01/1029947513
ok	https://live.staticflickr.com/7010/6802967163_6726af8a60_b.jpg	CC BY	possan	First semi-successful 3d print	https://www.flickr.com/photos/21437888@N02/6802967163
ok	https://live.staticflickr.com/8014/7168212293_10139f0bae_b.jpg	CC BY	Andrew Craigie	Large Herringbone Gear for modified RepRapPro Huxley extruder	https://www.flickr.com/photos/9359095@N04/7168212293
ok	https://live.staticflickr.com/6226/6222401733_118fa7ae67_b.jpg	CC BY	gary.s.hodgson	Deformed Pulleys	https://www.flickr.com/photos/82659543@N00/6222401733
ok	https://live.staticflickr.com/8521/8668345540_f191e9b000_b.jpg	CC BY	Euphy	PolargraphSD 1.3 with snazzy new case	https://www.flickr.com/photos/15591303@N00/8668345540
ok	https://live.staticflickr.com/2904/13967487651_8eb83dffba_b.jpg	CC BY	Creative Tools	33 Simplify3D Manual Support Settings	https://www.flickr.com/photos/33907867@N02/13967487651
ok	https://live.staticflickr.com/7412/13970670945_e279bb0843_m.jpg	CC BY	Creative Tools	31 Simplify3D Manual Support Settings	https://www.flickr.com/photos/33907867@N02/13970670945
ok	https://live.staticflickr.com/7117/13967487481_e0a99a7fb3_b.jpg	CC BY	Creative Tools	34 Simplify3D Manual Support Settings	https://www.flickr.com/photos/33907867@N02/13967487481
ok	https://live.staticflickr.com/8303/8006957851_e8e34cff52_b.jpg	CC BY	faberdasher	KamerMaker - Polymer Fail	https://www.flickr.com/photos/57758382@N04/8006957851
ok	https://live.staticflickr.com/3718/9218520938_b737fd37cd_b.jpg	CC BY	jabella	3D Printed on the RepRap Google+ Hangout	https://www.flickr.com/photos/31954184@N00/9218520938
ok	https://live.staticflickr.com/5315/13947569086_537e651b60_b.jpg	CC BY	Creative Tools	30 Simplify3D G-Code preview	https://www.flickr.com/photos/33907867@N02/13947569086
ok	https://live.staticflickr.com/5178/13970671225_f1f9d7a9b3_b.jpg	CC BY	Creative Tools	28 Simplify3D G-Code preview	https://www.flickr.com/photos/33907867@N02/13970671225
ok	https://live.staticflickr.com/7451/13967491432_c5bbeed262_b.jpg	CC BY	Creative Tools	29 Simplify3D G-Code preview	https://www.flickr.com/photos/33907867@N02/13967491432
ok	https://live.staticflickr.com/6120/6373030655_59f54fd757_b.jpg	CC BY	faberdasher	Galaxy Blue - coiled plastic filament	https://www.flickr.com/photos/57758382@N04/6373030655
ok	https://live.staticflickr.com/7066/6856811430_3ab545d820_b.jpg	CC BY	wolf.arthur	Citronelle : first partial print	https://www.flickr.com/photos/49412427@N06/6856811430
ok	https://live.staticflickr.com/8176/8006951355_fb40f512e3_b.jpg	CC BY	faberdasher	KamerMaker - Demo	https://www.flickr.com/photos/57758382@N04/8006951355
ok	https://live.staticflickr.com/8169/8006949724_a2e10f13df_b.jpg	CC BY	faberdasher	KamerMaker - The feed system	https://www.flickr.com/photos/57758382@N04/8006949724
ok	https://live.staticflickr.com/8169/8006949657_9ed34d5c4f_b.jpg	CC BY	faberdasher	KamerMaker - Test prints	https://www.flickr.com/photos/57758382@N04/8006949657
ok	https://live.staticflickr.com/8042/8006964333_4d3ffc2d26_b.jpg	CC BY	faberdasher	KamerMaker - Final demo print	https://www.flickr.com/photos/57758382@N04/8006964333
ok	https://live.staticflickr.com/8448/8006952876_140eb154c0_b.jpg	CC BY	faberdasher	KamerMaker - Test prints	https://www.flickr.com/photos/57758382@N04/8006952876
ok	https://live.staticflickr.com/8300/8006946743_9cf6f8edf3_b.jpg	CC BY	faberdasher	KamerMaker - Test prints	https://www.flickr.com/photos/57758382@N04/8006946743
ok	https://live.staticflickr.com/8462/8006968198_ecf25ec120_b.jpg	CC BY	faberdasher	KamerMaker - Final demo print	https://www.flickr.com/photos/57758382@N04/8006968198
ok	https://live.staticflickr.com/8041/8006942537_7d06a4cf21_b.jpg	CC BY	faberdasher	KamerMaker - View from above	https://www.flickr.com/photos/57758382@N04/8006942537
ok	https://live.staticflickr.com/8298/8006958172_a5fd67ec32_b.jpg	CC BY	faberdasher	KamerMaker - Ultimakers	https://www.flickr.com/photos/57758382@N04/8006958172
ok	https://live.staticflickr.com/8030/8006950650_899cab6a43_b.jpg	CC BY	faberdasher	KamerMaker - Test prints	https://www.flickr.com/photos/57758382@N04/8006950650
ok	https://live.staticflickr.com/8450/8006956553_d15bc863a9_b.jpg	CC BY	faberdasher	KamerMaker - Wood print	https://www.flickr.com/photos/57758382@N04/8006956553
ok	https://live.staticflickr.com/7179/13970671595_c8d515c0bd.jpg	CC BY	Creative Tools	19 Simplify3D 3D-printer presets	https://www.flickr.com/photos/33907867@N02/13970671595
ok	https://live.staticflickr.com/2831/8940488055_8feb0341ae_b.jpg	CC BY	flughafen	Rainbow G12.5mm f1.4	https://www.flickr.com/photos/48127815@N03/8940488055
ok	https://live.staticflickr.com/3543/3641281771_3f9616cbbd_b.jpg	CC BY	langfordw	makerbot printed me braille today	https://www.flickr.com/photos/24375810@N06/3641281771
ok	https://live.staticflickr.com/8050/8150687174_0cfa2f0939_b.jpg	CC BY	jabella	MakerBot Printed Belt	https://www.flickr.com/photos/31954184@N00/8150687174
ok	https://live.staticflickr.com/4090/4949661835_0c051d5311_b.jpg	CC BY	jabella	MakerBot Printed Jumbo Chess Piece	https://www.flickr.com/photos/31954184@N00/4949661835
ok	https://live.staticflickr.com/4124/4949663531_1947147a66_b.jpg	CC BY	jabella	MakerBot Coins and Tokens - MakerBot Printed	https://www.flickr.com/photos/31954184@N00/4949663531
ok	https://live.staticflickr.com/5307/5578758414_534229db16_b.jpg	CC BY	jabella	Dragon Head Trophy - MakerBot Print	https://www.flickr.com/photos/31954184@N00/5578758414
ok	https://live.staticflickr.com/5294/5578173885_5c948488ba_b.jpg	CC BY	jabella	Dragon Head Trophy - MakerBot Print	https://www.flickr.com/photos/31954184@N00/5578173885
ok	https://live.staticflickr.com/4130/4946743773_6ca2526994_b.jpg	CC BY	jabella	MakerBot Printed Dragon Head	https://www.flickr.com/photos/31954184@N00/4946743773
ok	https://live.staticflickr.com/5171/5578174257_91ebcfcaf3_b.jpg	CC BY	jabella	Dragon Head Trophy - MakerBot Print	https://www.flickr.com/photos/31954184@N00/5578174257
ok	https://live.staticflickr.com/5264/5581299888_7d06a5f359_b.jpg	CC BY	jabella	MakerBot Printed 3D Puzzle - Assembled	https://www.flickr.com/photos/31954184@N00/5581299888
ok	https://live.staticflickr.com/5016/5469350605_44da639afe_b.jpg	CC BY	jabella	MakerBot Printed Tetrahedron	https://www.flickr.com/photos/31954184@N00/5469350605
ok	https://live.staticflickr.com/5053/5580713669_4d20c8c3c3_b.jpg	CC BY	jabella	MakerBot Printed Bracelet	https://www.flickr.com/photos/31954184@N00/5580713669
ok	https://live.staticflickr.com/5258/5469944898_2a279f1708_b.jpg	CC BY	jabella	Tetrahedron - MakerBot Printed	https://www.flickr.com/photos/31954184@N00/5469944898
ok	https://live.staticflickr.com/5051/5504730204_65c2bc14bd_b.jpg	CC BY	jabella	Screw Cup - Makerbot Printed	https://www.flickr.com/photos/31954184@N00/5504730204
ok	https://live.staticflickr.com/4112/4949662105_6c5573bc48_b.jpg	CC BY	jabella	MakerBot Printed Flower Pot and Saucer	https://www.flickr.com/photos/31954184@N00/4949662105
ok	https://live.staticflickr.com/4061/4589939234_5e2792ed61_b.jpg	CC BY	jabella	MakerBot Printing - bottle opener	https://www.flickr.com/photos/31954184@N00/4589939234
ok	https://live.staticflickr.com/5028/5597086546_0826ecce55_b.jpg	CC BY	jabella	MakerBot Printed Hearts	https://www.flickr.com/photos/31954184@N00/5597086546
ok	https://live.staticflickr.com/4129/5066126605_d0dded208e_b.jpg	CC BY	jabella	MakerBot printing Droidx Mount	https://www.flickr.com/photos/31954184@N00/5066126605
ok	https://live.staticflickr.com/4129/4955036200_998a924cda_b.jpg	CC BY	nicolas.boullosa	a makerbot printing	https://www.flickr.com/photos/90802476@N00/4955036200
ok	https://live.staticflickr.com/5064/5581300160_c52c58af38_b.jpg	CC BY	jabella	3D Puzzle - MakerBot Printed	https://www.flickr.com/photos/31954184@N00/5581300160
ok	https://live.staticflickr.com/5019/5469944646_00146871dc_b.jpg	CC BY	jabella	Tetrahedron - MakerBot Printed	https://www.flickr.com/photos/31954184@N00/5469944646
ok	https://live.staticflickr.com/5069/5570299836_06082c4752_b.jpg	CC BY	jabella	Screw Cup Print - Side - MakerBot Printed	https://www.flickr.com/photos/31954184@N00/5570299836
ok	https://live.staticflickr.com/4125/4950256666_7240f33edd_b.jpg	CC BY	jabella	Square Spiraled - MakerBot Print	https://www.flickr.com/photos/31954184@N00/4950256666
ok	https://live.staticflickr.com/5225/5569713093_1e5211b454_b.jpg	CC BY	jabella	MakerBot Print - Screw Cup	https://www.flickr.com/photos/31954184@N00/5569713093
ok	https://live.staticflickr.com/5259/5570300184_5ecfec5a7c_b.jpg	CC BY	jabella	MakerBot Print - Screw Cup	https://www.flickr.com/photos/31954184@N00/5570300184
ok	https://live.staticflickr.com/1317/4600219272_2bcaf35b4e_b.jpg	CC BY	jabella	MakerBot Print Issues	https://www.flickr.com/photos/31954184@N00/4600219272
ok	https://live.staticflickr.com/4030/4600218942_ab60949eef_b.jpg	CC BY	jabella	MakerBot Print Issues	https://www.flickr.com/photos/31954184@N00/4600218942
ok	https://live.staticflickr.com/3849/14751271226_ef04e62220.jpg	CC BY	starpause kid	no av set complete without #tenticles #codame install for #rackspacesolve was a 	https://www.flickr.com/photos/58972197@N00/14751271226
ok	https://live.staticflickr.com/7315/11260970843_f84ca92fb2.jpg	CC BY	starpause kid	#makerbot printed a spool holder for it's own backside! #matterhackers (non pro)	https://www.flickr.com/photos/58972197@N00/11260970843
ok	https://live.staticflickr.com/505/32149812901_de2952cb96_b.jpg	CC BY	Field Ready	Dara Dotz adjusts MakerBot print bed in PortAuPrince	https://www.flickr.com/photos/147464115@N03/32149812901
ok	https://live.staticflickr.com/8092/8564855081_6f38532119_b.jpg	CC BY	jurvetson	Launch of the 3D Printed Rocket at NASA	https://www.flickr.com/photos/44124348109@N01/8564855081
ok	https://live.staticflickr.com/8188/8410606481_456210b6ab_b.jpg	CC BY	Creative Tools	Miniature Queen Anne Chair - Replicator 2 - 3D-printed at 0,1 mm-layer v02	https://www.flickr.com/photos/33907867@N02/8410606481
ok	https://live.staticflickr.com/8358/8411703484_e927ed4410_b.jpg	CC BY	Creative Tools	Miniature Queen Anne Chair - Replicator 2 - 3D-printed at 0,1 mm-layer v01	https://www.flickr.com/photos/33907867@N02/8411703484
ok	https://live.staticflickr.com/3713/12183048603_1af12e616b_b.jpg	CC BY	jurvetson	I needed green cufflinks — 3D printing to the rescue	https://www.flickr.com/photos/44124348109@N01/12183048603
ok	https://live.staticflickr.com/8494/8342146704_619a729c36_b.jpg	CC BY	Creative Tools	3D printed thimbles	https://www.flickr.com/photos/33907867@N02/8342146704
ok	https://live.staticflickr.com/2864/12214439773_1ea85dda6b_b.jpg	CC BY	jurvetson	Today's 3D Prints - more cufflinks and rocket fin cans	https://www.flickr.com/photos/44124348109@N01/12214439773
ok	https://live.staticflickr.com/8531/8592837554_e02715f7b1_b.jpg	CC BY	Creative Tools	3D printed blue treefrogs in different layer thicknesses	https://www.flickr.com/photos/33907867@N02/8592837554
ok	https://live.staticflickr.com/8515/8591721421_7489823103_b.jpg	CC BY	Creative Tools	3D printed blue treefrog	https://www.flickr.com/photos/33907867@N02/8591721421
ok	https://live.staticflickr.com/8518/8591737261_fff0cf2043_b.jpg	CC BY	Creative Tools	3D printed blue treefrogs in different layer thicknesses	https://www.flickr.com/photos/33907867@N02/8591737261
ok	https://live.staticflickr.com/8240/8592839898_1b0d42f0c0_b.jpg	CC BY	Creative Tools	3D printed blue treefrogs in different layer thicknesses	https://www.flickr.com/photos/33907867@N02/8592839898
ok	https://live.staticflickr.com/5530/12574519954_2441133ab6_b.jpg	CC BY	Creative Tools	11 - 3D-printed EUR pallet (scale model)	https://www.flickr.com/photos/33907867@N02/12574519954
ok	https://live.staticflickr.com/8157/7454052014_8cec3f1c81_b.jpg	CC BY	Creative Tools	3D-printed plastic hooks	https://www.flickr.com/photos/33907867@N02/7454052014
ok	https://live.staticflickr.com/3921/14761043541_23c099124f_b.jpg	CC BY	jurvetson	Supersonic Sights by the Sea. 3D-Printed Makerbot PLA survives Mach 1.8 and 74g’	https://www.flickr.com/photos/44124348109@N01/14761043541
ok	https://live.staticflickr.com/8109/8503485347_c7612489f5.jpg	CC BY	betsyweber	Lego Man Sugar Cookies	https://www.flickr.com/photos/34666709@N00/8503485347
ok	https://live.staticflickr.com/7332/9276950171_054b135f1a_b.jpg	CC BY	jurvetson	MakerBot Brooklyn	https://www.flickr.com/photos/44124348109@N01/9276950171
ok	https://live.staticflickr.com/8368/8503401917_3f75552cba.jpg	CC BY	betsyweber	Lego Man Sugar Cookies	https://www.flickr.com/photos/34666709@N00/8503401917
ok	https://live.staticflickr.com/8002/7454913898_6e83e253fd_b.jpg	CC BY	Creative Tools	www.thingiverse.comthing-11882	https://www.flickr.com/photos/33907867@N02/7454913898
ok	https://live.staticflickr.com/2848/12574176323_145cf66eea_b.jpg	CC BY	Creative Tools	04 - 3D-printed EUR pallet (scale model)	https://www.flickr.com/photos/33907867@N02/12574176323
ok	https://live.staticflickr.com/2856/12574520544_6230d6f5cd_b.jpg	CC BY	Creative Tools	10 - 3D-printed EUR pallet (scale model)	https://www.flickr.com/photos/33907867@N02/12574520544
ok	https://live.staticflickr.com/7521/15570930250_e917eb1e8c_b.jpg	CC BY	Creative Tools	Vase 3D-printed on a MakerBot Z18 3D printer	https://www.flickr.com/photos/33907867@N02/15570930250
ok	https://live.staticflickr.com/2905/14069230192_e8f8d6d7b5_b.jpg	CC BY	Creative Tools	Göran Jonsson - 3D-printed by Daniel Norée on Replicator 2X v002.jpg	https://www.flickr.com/photos/33907867@N02/14069230192
ok	https://live.staticflickr.com/7319/12574522364_f3d1beb661_b.jpg	CC BY	Creative Tools	06 - 3D-printed EUR pallet (scale model)	https://www.flickr.com/photos/33907867@N02/12574522364
ok	https://live.staticflickr.com/7385/12574524764_bdb98f1b36_b.jpg	CC BY	Creative Tools	01 - 3D-printed EUR pallet (scale model)	https://www.flickr.com/photos/33907867@N02/12574524764
ok	https://live.staticflickr.com/8252/8616820648_e492857823_b.jpg	CC BY	Creative Tools	MakerBot Replicator 2 - PLA blue frogs - Layer thickness comparison plate	https://www.flickr.com/photos/33907867@N02/8616820648
ok	https://live.staticflickr.com/5331/9572541537_d6db70c125_b.jpg	CC BY	Creative Tools	3D printed cogwheel	https://www.flickr.com/photos/33907867@N02/9572541537
ok	https://live.staticflickr.com/7387/9687178090_163d04b055_b.jpg	CC BY	Creative Tools	3D printed toy horse figure	https://www.flickr.com/photos/33907867@N02/9687178090
ok	https://live.staticflickr.com/2879/9135607252_f12f3f2226_b.jpg	CC BY	Creative Tools	3D-printed propeller for model airplane	https://www.flickr.com/photos/33907867@N02/9135607252
ok	https://live.staticflickr.com/7119/7697935732_4f9de5d49b_b.jpg	CC BY	Creative Tools	MakerBot 3D printed scull	https://www.flickr.com/photos/33907867@N02/7697935732
ok	https://live.staticflickr.com/7216/6965369100_93624228a4_b.jpg	CC BY	PrettySmallThings	1:24 3D Printed Windsor Chairs	https://www.flickr.com/photos/78917322@N04/6965369100
ok	https://live.staticflickr.com/3794/12614190475_e0a9f28167_b.jpg	CC BY	Creative Tools	3D printable bottle with screw cap (150 mm tall)	https://www.flickr.com/photos/33907867@N02/12614190475
ok	https://live.staticflickr.com/7398/9286503929_3c53882472_b.jpg	CC BY	jabella	Prusa i3 - RepRap 3D printer	https://www.flickr.com/photos/31954184@N00/9286503929
ok	https://live.staticflickr.com/8407/8973498568_921028fca4_b.jpg	CC BY	Euphy	RepRapPro three-point heatbed suspension	https://www.flickr.com/photos/15591303@N00/8973498568
ok	https://live.staticflickr.com/7291/8964041233_c979426664_b.jpg	CC BY	jabella	Prusa i3 Printer - Second Print	https://www.flickr.com/photos/31954184@N00/8964041233
ok	https://live.staticflickr.com/5441/8964041185_cb9d8ee280_b.jpg	CC BY	jabella	Prusa i3 Printer - Second Print	https://www.flickr.com/photos/31954184@N00/8964041185
ok	https://live.staticflickr.com/5462/8965234606_717bb63b41_b.jpg	CC BY	jabella	Prusa i3 Printer - Printing first print	https://www.flickr.com/photos/31954184@N00/8965234606
ok	https://live.staticflickr.com/3679/8965234904_3be10afe98_b.jpg	CC BY	jabella	Prusa i3 Printer - First Print!	https://www.flickr.com/photos/31954184@N00/8965234904
ok	https://live.staticflickr.com/2811/8964040615_414544a28f_b.jpg	CC BY	jabella	Prusa i3 Printer - First Print Detail	https://www.flickr.com/photos/31954184@N00/8964040615
ok	https://live.staticflickr.com/7341/8964039755_79c4d9ce83_b.jpg	CC BY	jabella	Prusa i3 Printer - Printing Rambo mount	https://www.flickr.com/photos/31954184@N00/8964039755
ok	https://live.staticflickr.com/7414/8964040085_65b460472e_b.jpg	CC BY	jabella	Prusa i3 Printer - Fully assembled, ready to print.	https://www.flickr.com/photos/31954184@N00/8964040085
ok	https://live.staticflickr.com/5525/9140112028_216593dc47_b.jpg	CC BY	jabella	Trio of hobbyist 3D printers.	https://www.flickr.com/photos/31954184@N00/9140112028
ok	https://live.staticflickr.com/8121/8964039625_39cfdd45d9_b.jpg	CC BY	jabella	Prusa i3 Printer - PLA printed PSU cover	https://www.flickr.com/photos/31954184@N00/8964039625
ok	https://live.staticflickr.com/3701/8964038993_3a2e60a0ec_b.jpg	CC BY	jabella	Prusa i3 Printer - Starting to Print Parts	https://www.flickr.com/photos/31954184@N00/8964038993
ok	https://upload.wikimedia.org/wikipedia/commons/6/6c/Prusa_i3_-_RepRap_3D_printer_printing.jpg	CC BY	John Abella	Prusa i3 - RepRap 3D printer printing	https://commons.wikimedia.org/w/index.php?curid=82757472
ok	https://live.staticflickr.com/3728/13930553064_3412544ff6_b.jpg	CC BY	David Jackmanson	Motor arm for a GUS Reprap Simpson 3d printer	https://www.flickr.com/photos/58301516@N00/13930553064
ok	https://cdn.thingiverse.com/renders/d8/e9/4d/32/c9/Sensor_Mount_Part1_1_display_large.jpg	CC0	Manuel Rivera	Migbot Prusa i3 Adjustable Auto Calibration mount	https://www.thingiverse.com/thing:911277
ok	https://cdn.thingiverse.com/renders/be/62/44/73/ba/Sensor_Mount_Part2_1_display_large.jpg	CC0	Manuel Rivera	Migbot Prusa i3 Adjustable Auto Calibration mount	https://www.thingiverse.com/thing:911277
ok	https://cdn.thingiverse.com/assets/70/a1/5a/1c/de/large_display_Foot_Zonestar_P802QR2_-_Steel_Frame.png	CC0	Cassius Brandhuber	Foot Zonestar P802Q Stainless Steel Frame	https://www.thingiverse.com/thing:4322648
ok	https://cdn.thingiverse.com/renders/01/c5/e4/f3/d7/f4334272556a49d427265e52ba00e6f4_display_large.jpg	CC0	Ryan Colyer	Z-Axis Top Bracket with Bearing Stabilizer, HICTOP Prusa i3	https://www.thingiverse.com/thing:1701256
ok	https://cdn.thingiverse.com/renders/3b/e0/8d/03/58/ab4eab2734653548c34c2f704bc616f4_display_large.jpg	CC0	Ryan Colyer	HICTOP Prusa i3 (3DP-11) Z-Axis Top Brackets With Stabilizer	https://www.thingiverse.com/thing:1686353
ok	https://cdn.thingiverse.com/renders/0f/f6/f2/7a/71/3a42eafe6920ebd1d41e4db13a70c0f3_display_large.jpg	CC0	Ryan Colyer	HICTOP Prusa i3 (3DP-11) Z-Axis Top Brackets With Stabilizer	https://www.thingiverse.com/thing:1686353
ok	https://cdn.thingiverse.com/renders/17/cf/03/98/1d/b0acc669f21ac23b69e6aa311d8a172a_display_large.jpg	CC0	Ryan Colyer	Z-Axis Top Bracket with Bearing Stabilizer, HICTOP Prusa i3	https://www.thingiverse.com/thing:1701256
ok	https://cdn.thingiverse.com/renders/59/93/ea/05/85/cbf5b7c11115317dfa39b53fefdbc616_display_large.jpg	CC0	Ryan Colyer	Z-Axis Top Bracket with Bearing Stabilizer, HICTOP Prusa i3	https://www.thingiverse.com/thing:1701256
ok	https://cdn.thingiverse.com/renders/fe/34/f4/d6/b7/ae53db7766016d00daa1498519398e9c_display_large.jpg	CC0	Ryan Colyer	HICTOP Prusa i3 (3DP-11) Z-Axis Top Brackets With Stabilizer	https://www.thingiverse.com/thing:1686353
ok	https://cdn.thingiverse.com/renders/e6/db/c9/29/56/e0d58a43c0b829128a2f42cf14065e17_display_large.jpg	CC0	Ryan Colyer	HICTOP Prusa i3 (3DP-11) Z-Axis Top Brackets With Stabilizer	https://www.thingiverse.com/thing:1686353
ok	https://cdn.thingiverse.com/renders/d6/fb/32/79/0f/c987c3c2362a6882ac375c84be3392fc_display_large.jpg	CC0	Ryan Colyer	Z-Axis Top Bracket with Bearing Stabilizer, HICTOP Prusa i3	https://www.thingiverse.com/thing:1701256
ok	https://cdn.thingiverse.com/renders/c8/90/32/f5/b1/1c3713edba88571b2fa3d0f08ee7f82d_display_large.jpg	CC0	Forrest Chandler	Y axis stepper motor mount and support	https://www.thingiverse.com/thing:2210736
ok	https://cdn.thingiverse.com/renders/b5/de/ec/d6/05/de62b3400419bb047925047e558b4097_display_large.jpg	CC0	Ryan Colyer	HICTOP Prusa i3 (3DP-11) Z-Axis Top Brackets With Stabilizer	https://www.thingiverse.com/thing:1686353
ok	https://cdn.thingiverse.com/renders/ea/63/29/eb/46/b61b2b6f06539904e5f9a6361f958610_display_large.jpg	CC0	Forrest Chandler	Y axis stepper motor mount and support	https://www.thingiverse.com/thing:2210736
ok	https://cdn.thingiverse.com/renders/a6/a8/26/03/09/3bd22f89a3cc6c00ea49c2a4d543db0f_display_large.jpg	CC0	Ryan Colyer	HICTOP Prusa i3 (3DP-11) Z-Axis Top Brackets With Stabilizer	https://www.thingiverse.com/thing:1686353
ok	https://cdn.thingiverse.com/renders/0f/fd/55/f8/b0/a0d409d77563a4dd37af6235a14809a1_display_large.jpg	CC0	massimo gnavolini	Nozzle blower using Ø40 fan	https://www.thingiverse.com/thing:3497771
ok	https://cdn.thingiverse.com/renders/36/f0/1e/6b/d2/e1c8e090dd059323ad372794f37887d7_display_large.jpg	CC0	massimo gnavolini	Nozzle blower using Ø40 fan	https://www.thingiverse.com/thing:3497771
ok	https://cdn.thingiverse.com/renders/5c/b5/10/af/2e/686df6ce296fde288a1f6e58cc1554f5_display_large.jpg	CC0	Wade Wendorf	Calibration print for Monoprice Maker Select Plus and other i3 printers (prusa, 	https://www.thingiverse.com/thing:2170914
ok	https://cdn.thingiverse.com/renders/db/e7/c0/9a/5b/3105619b236eb7a7c6337f7147216e07_display_large.jpg	CC0	Wade Wendorf	Calibration print for Monoprice Maker Select Plus and other i3 printers (prusa, 	https://www.thingiverse.com/thing:2170914
ok	https://cdn.thingiverse.com/renders/de/d8/66/c6/44/ca17e5d9ede5f3c25eeafe9be1b2b457_display_large.jpg	CC0	Matt Mackall	Prusa i3 tool holder	https://www.thingiverse.com/thing:2158054
ok	https://cdn.thingiverse.com/renders/d9/be/ca/23/a5/78e3cc977925d069a8f57402c82e6c51_display_large.jpg	CC0	MGM Kreuwels	Geetech/Prusa i3 LCD2004 Controller case	https://www.thingiverse.com/thing:2302307
ok	https://cdn.thingiverse.com/renders/5d/62/89/5a/51/e7469809100f22a356b843e0c1a52265_display_large.jpg	CC0	Jahir Nogales	3D Printer Filament Fan	https://www.thingiverse.com/thing:1624862
ok	https://cdn.thingiverse.com/renders/cf/55/f4/fc/a7/0425650177c1ab3529337441ed701a28_display_large.jpg	CC0	Matt Mackall	Prusa i3 tool holder	https://www.thingiverse.com/thing:2158054
ok	https://cdn.thingiverse.com/renders/d2/3a/06/2b/70/b7fbffc58d80a33b8e2fe0ca3e328625_display_large.jpg	CC0	MGM Kreuwels	Geetech/Prusa i3 LCD2004 Controller case	https://www.thingiverse.com/thing:2302307
ok	https://cdn.thingiverse.com/renders/f0/84/6b/47/59/filament_spacer_display_large.jpg	CC0	John Doe	Makerfarm Prusa i3V spool holder	https://www.thingiverse.com/thing:626104
ok	https://cdn.thingiverse.com/renders/fb/ec/e4/b6/c9/1c60f6f441d232670a55e586cde957d1_display_large.jpg	CC0	Shane Hathaway	Filament Guide for Original Prusa i3, version 2.0	https://www.thingiverse.com/thing:1773758
ok	https://cdn.thingiverse.com/renders/0d/5c/d3/73/09/spool_holder_display_large.jpg	CC0	John Doe	Makerfarm Prusa i3V spool holder	https://www.thingiverse.com/thing:626104
ok	https://cdn.thingiverse.com/renders/ef/b4/d6/4a/d2/x_carriage_motor_mount_display_large.jpg	CC0	Lorenzo Aspesi	3Drag / K8200 redesign sketch, prusa-like design	https://www.thingiverse.com/thing:781500
ok	https://cdn.thingiverse.com/renders/c6/fd/86/95/40/bed_linear_bearing_holder_display_large.jpg	CC0	Lorenzo Aspesi	3Drag / K8200 redesign sketch, prusa-like design	https://www.thingiverse.com/thing:781500
ok	https://cdn.thingiverse.com/renders/cd/8f/49/15/ff/e53d60e5a6c6f403814436b10731876d_display_large.jpg	CC0	Shane Hathaway	Filament Guide for Original Prusa i3, version 2.0	https://www.thingiverse.com/thing:1773758
ok	https://cdn.thingiverse.com/renders/9b/67/b6/cd/f9/bceb07dca8347fd2a95cd9bfac7e71ef_display_large.jpg	CC0	Jahir Nogales	3D Printer Filament Fan	https://www.thingiverse.com/thing:1624862
ok	https://upload.wikimedia.org/wikipedia/commons/d/df/Prusa_Mini.jpg	CC0	rail fox (flufftech.net)	Prusa Mini	https://commons.wikimedia.org/w/index.php?curid=157841101
ok	https://cdn.thingiverse.com/renders/76/d5/96/d0/f1/toolHolder_right_display_large.jpg	CC0	Facundo Giacconi	Tool holder for sunhokey 2015 Prusa i3	https://www.thingiverse.com/thing:1021855
ok	https://cdn.thingiverse.com/renders/44/af/bf/9c/5a/0fc25656abafcc4052ffa03ce6ce23d9_display_large.jpg	CC0	MGM Kreuwels	Geetech/Prusa i3 LCD2004 Controller case	https://www.thingiverse.com/thing:2302307
ok	https://cdn.thingiverse.com/renders/c3/a8/54/d1/97/filament_guide_display_large.jpg	CC0	John Doe	Makerfarm Prusa i3V spool holder	https://www.thingiverse.com/thing:626104
ok	https://cdn.thingiverse.com/renders/f4/8c/a1/aa/0b/8bbe9d487a9ee9c79df7f8cc1082e87c_display_large.jpg	CC0	Geoffrey Marshall	Prusa i3 MK2S X-axis adjustable idler	https://www.thingiverse.com/thing:2471603
ok	https://cdn.thingiverse.com/renders/ea/ee/4d/2a/7e/962fb16b45ff29b1b4e8a7a28cfd4ddf_display_large.jpg	CC0	Geoffrey Marshall	Prusa i3 MK2S X-axis adjustable idler	https://www.thingiverse.com/thing:2471603
ok	https://cdn.thingiverse.com/renders/7e/0d/8f/f5/ff/bearing_cap_top_fixed_display_large.jpg	CC0	Brian Santee	Prusa i3 X-Carriage No Zip Ties	https://www.thingiverse.com/thing:1033155
ok	https://cdn.thingiverse.com/renders/90/9f/42/1e/e4/ff599f699dd65071af0573a2b219777d_display_large.jpg	CC0	E B	Anti-45 button - to protest Donald Trump	https://www.thingiverse.com/thing:2487356
ok	https://upload.wikimedia.org/wikipedia/commons/a/a5/Prusa_i3_Printer_-_Starting_to_Print_Parts_%288964038993%29.jpg	CC BY	John Abella from Outside Philadelphia, USA	Prusa i3 Printer - Starting to Print Parts (8964038993)	https://commons.wikimedia.org/w/index.php?curid=172271542
ok	https://cdn.thingiverse.com/renders/d9/64/c6/04/c5/b470dba7fbbf84265e4d4364fd4dccc2_display_large.jpg	CC0	Snuups Bernhardiner	Antminer L3+ PSU top mount	https://www.thingiverse.com/thing:3739701
ok	https://cdn.thingiverse.com/renders/09/98/61/ba/bf/first_layer_test_display_large.jpg	CC0	John Doe	Customizeable SMD Pick and Place Manual Feeders	https://www.thingiverse.com/thing:675336
ok	https://cdn.thingiverse.com/renders/b2/85/a3/a9/66/7d4ed0b12b169dfefc77a4fb0e384b5e_display_large.jpg	CC0	E B	Anti-45 button - to protest Donald Trump	https://www.thingiverse.com/thing:2487356
ok	https://cdn.thingiverse.com/renders/35/f4/1a/0d/0c/x_axis_fixed_display_large.jpg	CC0	Brian Santee	Prusa i3 X-Carriage No Zip Ties	https://www.thingiverse.com/thing:1033155
ok	https://cdn.thingiverse.com/renders/b1/03/a1/f5/c7/fc61e8998a97b2875de56c7b33c59760_display_large.jpg	CC0	Jack Beglinger	Configurable RPi and 2.5' HDD Boxes	https://www.thingiverse.com/thing:3231446
ok	https://cdn.thingiverse.com/renders/2d/d7/22/c2/92/fa64c07efdb72cbe890ef67c6f9b750d_display_large.jpg	CC0	L Ap	Push Pin Art Toy	https://www.thingiverse.com/thing:3236347
ok	https://cdn.thingiverse.com/renders/85/11/ee/6f/6b/a9912808023035c615053dd3a0e1e2b1_display_large.jpg	CC0	L Ap	Push Pin Art Toy	https://www.thingiverse.com/thing:3236347
ok	https://cdn.thingiverse.com/renders/74/30/94/dc/51/bb0d2a56cfeb08f2fcf23ea7ed81077a_display_large.jpg	CC0	L Ap	Push Pin Art Toy	https://www.thingiverse.com/thing:3236347
ok	https://cdn.thingiverse.com/renders/b2/3b/55/fc/f5/d55f76b4bc1930dfa1dd3ae51b513fbd_display_large.jpg	CC0	Jack Beglinger	Configurable RPi and 2.5" HDD Boxes	https://www.thingiverse.com/thing:3231446
ok	https://cdn.thingiverse.com/renders/8a/b0/ee/e0/1c/608a35a3115da0ea9201971f5eeb098f_display_large.jpg	CC0	L Ap	Push Pin Art Toy	https://www.thingiverse.com/thing:3236347
ok	https://cdn.thingiverse.com/renders/56/a0/ce/5a/5a/ca412eba9d5668b3f8d8305391c4ae7d_display_large.jpg	CC0	L Ap	Push Pin Art Toy	https://www.thingiverse.com/thing:3236347
ok	https://cdn.thingiverse.com/renders/93/cb/c6/c4/f1/1c853b07b3788270a660d7b01aa181bf_display_large.jpg	CC0	Jack Beglinger	Configurable RPi and 2.5' HDD Boxes	https://www.thingiverse.com/thing:3231446
ok	https://cdn.thingiverse.com/renders/2d/3c/65/bd/79/99230539d8b3d378be15317ce425f3a9_display_large.jpg	CC0	Jack Beglinger	Configurable RPi and 2.5' HDD Boxes	https://www.thingiverse.com/thing:3231446
ok	https://cdn.thingiverse.com/renders/a3/38/a3/12/7f/e3736b1375559329e77653cf5a46a040_display_large.jpg	CC0	L Ap	Push Pin Art Toy	https://www.thingiverse.com/thing:3236347
ok	https://cdn.thingiverse.com/renders/d3/5e/0e/08/bb/bded7ab5f4e3df2fe07b5a2e65e67c64_display_large.jpg	CC0	L Ap	Push Pin Art Toy	https://www.thingiverse.com/thing:3236347
